problem,unknowns,solver,backend,workers,ranks,threads_per_rank,pinning,reduction,schedule,mode,iterations,converged,stop_reason,relative_residual,omega,blocks,check_interval,seconds_median,seconds_min,seconds_max,reps,updates_per_second,gib_per_second,bytes_per_unknown,seed,commit,label,sweeps,passes,dram_bytes_per_unknown_per_sweep,pinning_status,measured_at,seconds_reps,kernels,kernel_variant
poisson2d_rich_63,3969,richardson,serial,1,1,1,none,deterministic,static,solve,20602,1,converged,9.996886e-09,0.125000,63,1,0.051748,0.051748,0.051748,1,1.580136e+09,35.3188,24.0,20260802,fba9872e407f,convergence_counts,1,2,32.0,not_requested,2026-09-06T20:34:46Z,0.051748,cxx,cpp
poisson2d_rich_63,3969,jacobi,serial,1,1,1,none,deterministic,static,solve,11255,1,converged,9.997286e-09,,63,1,0.046924,0.046924,0.046924,1,9.519922e+08,21.2787,24.0,20260802,fba9872e407f,convergence_counts,1,1,32.0,not_requested,2026-09-06T20:34:46Z,0.046924,cxx,cpp
poisson2d_rich_63,3969,gauss_seidel_f,serial,1,1,1,none,deterministic,static,solve,5192,1,converged,9.985556e-09,,63,1,0.061862,0.061862,0.061862,1,3.331156e+08,7.4457,24.0,20260802,fba9872e407f,convergence_counts,1,1,32.0,not_requested,2026-09-06T20:34:46Z,0.061862,cxx,cpp
poisson2d_rich_63,3969,gauss_seidel_b,serial,1,1,1,none,deterministic,static,solve,5104,1,converged,9.989801e-09,,63,1,0.046571,0.046571,0.046571,1,4.349867e+08,9.7227,24.0,20260802,fba9872e407f,convergence_counts,1,1,32.0,not_requested,2026-09-06T20:34:47Z,0.046571,cxx,cpp
poisson2d_rich_63,3969,gauss_seidel_s,serial,1,1,1,none,deterministic,static,solve,2579,1,converged,9.982257e-09,,63,1,0.060259,0.060259,0.060259,1,3.397375e+08,7.5937,24.0,20260802,fba9872e407f,convergence_counts,2,2,32.0,not_requested,2026-09-06T20:34:47Z,0.060259,cxx,cpp
poisson2d_rich_63,3969,gauss_seidel_rb,serial,1,1,1,none,deterministic,static,solve,5293,1,converged,9.978103e-09,,63,1,0.026108,0.026108,0.026108,1,8.046419e+08,17.9851,24.0,20260802,fba9872e407f,convergence_counts,1,2,32.0,not_requested,2026-09-06T20:34:47Z,0.026108,cxx,cpp
poisson2d_rich_63,3969,sor,serial,1,1,1,none,deterministic,static,solve,216,1,converged,9.836381e-09,1.906455,63,1,0.002509,0.002509,0.002509,1,3.416320e+08,7.6361,24.0,20260802,fba9872e407f,convergence_counts,1,1,32.0,not_requested,2026-09-06T20:34:47Z,0.002509,cxx,cpp
poisson2d_rich_63,3969,ssor,serial,1,1,1,none,deterministic,static,solve,2579,1,converged,9.982257e-09,1.000000,63,1,0.055629,0.055629,0.055629,1,3.680104e+08,8.2257,24.0,20260802,fba9872e407f,convergence_counts,2,2,32.0,not_requested,2026-09-06T20:34:48Z,0.055629,cxx,cpp
poisson2d_rich_63,3969,sor_rb,serial,1,1,1,none,deterministic,static,solve,197,1,converged,9.995782e-09,1.906455,63,1,0.000882,0.000882,0.000882,1,8.863864e+08,19.8123,24.0,20260802,fba9872e407f,convergence_counts,1,2,32.0,not_requested,2026-09-06T20:34:48Z,0.000882,cxx,cpp
poisson2d_rich_63,3969,block_jacobi,serial,1,1,1,none,deterministic,static,solve,5852,1,converged,9.984687e-09,,63,1,0.113256,0.113256,0.113256,1,2.050812e+08,4.5839,24.0,20260802,fba9872e407f,convergence_counts,1,2,32.0,not_requested,2026-09-06T20:34:48Z,0.113256,cxx,cpp
poisson2d_rich_63,3969,block_gauss_seidel,serial,1,1,1,none,deterministic,static,solve,2615,1,converged,9.969690e-09,,63,1,0.052919,0.052919,0.052919,1,1.961269e+08,4.3838,24.0,20260802,fba9872e407f,convergence_counts,1,1,32.0,not_requested,2026-09-06T20:34:48Z,0.052919,cxx,cpp
poisson2d_rich_63,3969,cg,serial,1,1,1,none,deterministic,static,solve,197,1,converged,8.779298e-09,,63,1,0.001027,0.001027,0.001027,1,7.610449e+08,17.0107,24.0,20260802,fba9872e407f,convergence_counts,1,6,32.0,not_requested,2026-09-06T20:34:49Z,0.001027,cxx,cpp
poisson2d_rich_127,16129,richardson,serial,1,1,1,none,deterministic,static,solve,85458,1,converged,9.998625e-09,0.125000,127,1,1.019057,1.019057,1.019057,1,1.352576e+09,30.2324,24.0,20260802,fba9872e407f,convergence_counts,1,2,32.0,not_requested,2026-09-06T20:34:51Z,1.019057,cxx,cpp
poisson2d_rich_127,16129,jacobi,serial,1,1,1,none,deterministic,static,solve,45880,1,converged,9.997766e-09,,127,1,0.682871,0.682871,0.682871,1,1.083657e+09,24.2216,24.0,20260802,fba9872e407f,convergence_counts,1,1,32.0,not_requested,2026-09-06T20:34:52Z,0.682871,cxx,cpp
poisson2d_rich_127,16129,gauss_seidel_f,serial,1,1,1,none,deterministic,static,solve,21383,1,converged,9.997386e-09,,127,1,1.063872,1.063872,1.063872,1,3.241802e+08,7.2460,24.0,20260802,fba9872e407f,convergence_counts,1,1,32.0,not_requested,2026-09-06T20:34:55Z,1.063872,cxx,cpp
poisson2d_rich_127,16129,gauss_seidel_b,serial,1,1,1,none,deterministic,static,solve,21345,1,converged,9.997858e-09,,127,1,0.927459,0.927459,0.927459,1,3.712008e+08,8.2970,24.0,20260802,fba9872e407f,convergence_counts,1,1,32.0,not_requested,2026-09-06T20:34:57Z,0.927459,cxx,cpp
poisson2d_rich_127,16129,gauss_seidel_s,serial,1,1,1,none,deterministic,static,solve,10686,1,converged,9.999159e-09,,127,1,0.978131,0.978131,0.978131,1,3.524158e+08,7.8771,24.0,20260802,fba9872e407f,convergence_counts,2,2,32.0,not_requested,2026-09-06T20:34:59Z,0.978131,cxx,cpp
poisson2d_rich_127,16129,gauss_seidel_rb,serial,1,1,1,none,deterministic,static,solve,21938,1,converged,9.997512e-09,,127,1,0.411546,0.411546,0.411546,1,8.597769e+08,19.2175,24.0,20260802,fba9872e407f,convergence_counts,1,2,32.0,not_requested,2026-09-06T20:35:00Z,0.411546,cxx,cpp
poisson2d_rich_127,16129,sor,serial,1,1,1,none,deterministic,static,solve,432,1,converged,9.973874e-09,1.952093,127,1,0.024271,0.024271,0.024271,1,2.870790e+08,6.4167,24.0,20260802,fba9872e407f,convergence_counts,1,1,32.0,not_requested,2026-09-06T20:35:00Z,0.024271,cxx,cpp
poisson2d_rich_127,16129,ssor,serial,1,1,1,none,deterministic,static,solve,10686,1,converged,9.999159e-09,1.000000,127,1,0.931533,0.931533,0.931533,1,3.700449e+08,8.2711,24.0,20260802,fba9872e407f,convergence_counts,2,2,32.0,not_requested,2026-09-06T20:35:02Z,0.931533,cxx,cpp
poisson2d_rich_127,16129,sor_rb,serial,1,1,1,none,deterministic,static,solve,414,1,converged,9.648302e-09,1.952093,127,1,0.007738,0.007738,0.007738,1,8.629726e+08,19.2889,24.0,20260802,fba9872e407f,convergence_counts,1,2,32.0,not_requested,2026-09-06T20:35:02Z,0.007738,cxx,cpp
poisson2d_rich_127,16129,block_jacobi,serial,1,1,1,none,deterministic,static,solve,22483,1,converged,9.995910e-09,,127,1,1.782794,1.782794,1.782794,1,2.034045e+08,4.5464,24.0,20260802,fba9872e407f,convergence_counts,1,2,32.0,not_requested,2026-09-06T20:35:06Z,1.782794,cxx,cpp
poisson2d_rich_127,16129,block_gauss_seidel,serial,1,1,1,none,deterministic,static,solve,10701,1,converged,9.993129e-09,,127,1,0.953026,0.953026,0.953026,1,1.811036e+08,4.0480,24.0,20260802,fba9872e407f,convergence_counts,1,1,32.0,not_requested,2026-09-06T20:35:08Z,0.953026,cxx,cpp
poisson2d_rich_127,16129,cg,serial,1,1,1,none,deterministic,static,solve,385,1,converged,9.480756e-09,,127,1,0.009129,0.009129,0.009129,1,6.802051e+08,15.2038,24.0,20260802,fba9872e407f,convergence_counts,1,6,32.0,not_requested,2026-09-06T20:35:09Z,0.009129,cxx,cpp
poisson2d_rich_255,65025,richardson,serial,1,1,1,none,deterministic,static,solve,314427,1,converged,9.999830e-09,0.125000,255,1,14.371115,14.371115,14.371115,1,1.422688e+09,31.7996,24.0,20260802,fba9872e407f,convergence_counts,1,2,32.0,not_requested,2026-09-06T20:35:39Z,14.371115,cxx,cpp
poisson2d_rich_255,65025,jacobi,serial,1,1,1,none,deterministic,static,solve,173278,1,converged,9.999993e-09,,255,1,9.757014,9.757014,9.757014,1,1.154800e+09,25.8118,24.0,20260802,fba9872e407f,convergence_counts,1,1,32.0,not_requested,2026-09-06T20:35:58Z,9.757014,cxx,cpp
poisson2d_rich_255,65025,gauss_seidel_f,serial,1,1,1,none,deterministic,static,solve,78516,1,converged,9.998666e-09,,255,1,16.957944,16.957944,16.957944,1,3.010685e+08,6.7294,24.0,20260802,fba9872e407f,convergence_counts,1,1,32.0,not_requested,2026-09-06T20:36:32Z,16.957944,cxx,cpp
poisson2d_rich_255,65025,gauss_seidel_b,serial,1,1,1,none,deterministic,static,solve,78696,1,converged,9.998995e-09,,255,1,14.599055,14.599055,14.599055,1,3.505163e+08,7.8347,24.0,20260802,fba9872e407f,convergence_counts,1,1,32.0,not_requested,2026-09-06T20:37:02Z,14.599055,cxx,cpp
poisson2d_rich_255,65025,gauss_seidel_s,serial,1,1,1,none,deterministic,static,solve,39308,1,converged,9.997266e-09,,255,1,14.164893,14.164893,14.164893,1,3.608926e+08,8.0666,24.0,20260802,fba9872e407f,convergence_counts,2,2,32.0,not_requested,2026-09-06T20:37:31Z,14.164893,cxx,cpp
poisson2d_rich_255,65025,gauss_seidel_rb,serial,1,1,1,none,deterministic,static,solve,80906,1,converged,9.999793e-09,,255,1,6.215301,6.215301,6.215301,1,8.464453e+08,18.9195,24.0,20260802,fba9872e407f,convergence_counts,1,2,32.0,not_requested,2026-09-06T20:37:43Z,6.215301,cxx,cpp
poisson2d_rich_255,65025,sor,serial,1,1,1,none,deterministic,static,solve,868,1,converged,9.938284e-09,1.975754,255,1,0.180627,0.180627,0.180627,1,3.124757e+08,6.9844,24.0,20260802,fba9872e407f,convergence_counts,1,1,32.0,not_requested,2026-09-06T20:37:44Z,0.180627,cxx,cpp
poisson2d_rich_255,65025,ssor,serial,1,1,1,none,deterministic,static,solve,39308,1,converged,9.997266e-09,1.000000,255,1,14.389815,14.389815,14.389815,1,3.552516e+08,7.9405,24.0,20260802,fba9872e407f,convergence_counts,2,2,32.0,not_requested,2026-09-06T20:38:13Z,14.389815,cxx,cpp
poisson2d_rich_255,65025,sor_rb,serial,1,1,1,none,deterministic,static,solve,815,1,converged,9.846625e-09,1.975754,255,1,0.071083,0.071083,0.071083,1,7.455414e+08,16.6641,24.0,20260802,fba9872e407f,convergence_counts,1,2,32.0,not_requested,2026-09-06T20:38:13Z,0.071083,cxx,cpp
poisson2d_rich_255,65025,block_jacobi,serial,1,1,1,none,deterministic,static,solve,84419,1,converged,9.998602e-09,,255,1,28.572001,28.572001,28.572001,1,1.921232e+08,4.2943,24.0,20260802,fba9872e407f,convergence_counts,1,2,32.0,not_requested,2026-09-06T20:39:10Z,28.572001,cxx,cpp
poisson2d_rich_255,65025,block_gauss_seidel,serial,1,1,1,none,deterministic,static,solve,39254,1,converged,9.999408e-09,,255,1,14.190836,14.190836,14.190836,1,1.798690e+08,4.0204,24.0,20260802,fba9872e407f,convergence_counts,1,1,32.0,not_requested,2026-09-06T20:39:38Z,14.190836,cxx,cpp
poisson2d_rich_255,65025,cg,serial,1,1,1,none,deterministic,static,solve,762,1,converged,9.803727e-09,,255,1,0.061997,0.061997,0.061997,1,7.992223e+08,17.8640,24.0,20260802,fba9872e407f,convergence_counts,1,6,32.0,not_requested,2026-09-06T20:39:38Z,0.061997,cxx,cpp
poisson2d_rich_511,261121,sor,serial,1,1,1,none,deterministic,static,solve,1733,1,converged,9.968538e-09,1.987803,511,1,1.645281,1.645281,1.645281,1,2.750428e+08,6.1477,24.0,20260802,fba9872e407f,convergence_counts_large,1,1,32.0,not_requested,2026-09-06T20:39:42Z,1.645281,cxx,cpp
poisson2d_rich_511,261121,sor_rb,serial,1,1,1,none,deterministic,static,solve,1723,1,converged,9.916337e-09,1.987803,511,1,0.625468,0.625468,0.625468,1,7.193193e+08,16.0780,24.0,20260802,fba9872e407f,convergence_counts_large,1,2,32.0,not_requested,2026-09-06T20:39:43Z,0.625468,cxx,cpp
poisson2d_rich_511,261121,cg,serial,1,1,1,none,deterministic,static,solve,1504,1,converged,9.953020e-09,,511,1,0.769220,0.769220,0.769220,1,5.105509e+08,11.4117,24.0,20260802,fba9872e407f,convergence_counts_large,1,6,32.0,not_requested,2026-09-06T20:39:45Z,0.769220,cxx,cpp
poisson2d_rich_1023,1046529,sor,serial,1,1,1,none,deterministic,static,solve,3462,1,converged,9.984045e-09,1.993883,1023,1,15.717122,15.717122,15.717122,1,2.305182e+08,5.1525,24.0,20260802,fba9872e407f,convergence_counts_large,1,1,32.0,not_requested,2026-09-06T20:40:16Z,15.717122,cxx,cpp
poisson2d_rich_1023,1046529,sor_rb,serial,1,1,1,none,deterministic,static,solve,3180,1,converged,9.981445e-09,1.993883,1023,1,7.815916,7.815916,7.815916,1,4.257930e+08,9.5172,24.0,20260802,fba9872e407f,convergence_counts_large,1,2,32.0,not_requested,2026-09-06T20:40:33Z,7.815916,cxx,cpp
poisson2d_rich_1023,1046529,cg,serial,1,1,1,none,deterministic,static,solve,2886,1,converged,9.940626e-09,,1023,1,9.066553,9.066553,9.066553,1,3.331236e+08,7.4459,24.0,20260802,fba9872e407f,convergence_counts_large,1,6,32.0,not_requested,2026-09-06T20:40:51Z,9.066553,cxx,cpp
poisson2d_rich_511,261121,jacobi,serial,1,1,1,none,deterministic,static,fixed,200,0,iteration_cap,4.052544e-02,,511,1000000,0.022549,0.022002,0.030278,15,2.316082e+09,51.7685,24.0,20260802,fba9872e407f,backend_cost,1,1,32.0,not_requested,2026-09-06T20:40:51Z,0.022539;0.022549;0.022679;0.027871;0.030278;0.022445;0.022232;0.022863;0.023258;0.022157;0.022290;0.028188;0.022709;0.022002;0.022352,cxx,cpp
poisson2d_rich_511,261121,gauss_seidel_rb,serial,1,1,1,none,deterministic,static,fixed,200,0,iteration_cap,2.677352e-02,,511,1000000,0.035398,0.033204,0.045133,15,1.475323e+09,32.9760,24.0,20260802,fba9872e407f,backend_cost,1,2,32.0,not_requested,2026-09-06T20:40:52Z,0.033420;0.035868;0.041355;0.035398;0.035292;0.034064;0.034134;0.033204;0.036464;0.034945;0.034576;0.045133;0.036139;0.037886;0.035610,cxx,cpp
poisson2d_rich_511,261121,sor_rb,serial,1,1,1,none,deterministic,static,fixed,200,0,iteration_cap,2.184092e-01,1.987803,511,1000000,0.034045,0.033001,0.036806,15,1.533974e+09,34.2870,24.0,20260802,fba9872e407f,backend_cost,1,2,32.0,not_requested,2026-09-06T20:40:53Z,0.035843;0.034648;0.034972;0.033115;0.035840;0.033093;0.033203;0.036806;0.033395;0.034045;0.033049;0.035900;0.033201;0.034353;0.033001,cxx,cpp
poisson2d_rich_511,261121,block_jacobi,serial,1,1,1,none,deterministic,static,fixed,200,0,iteration_cap,2.682042e-02,,511,1000000,0.272517,0.251550,0.285193,15,1.916365e+08,4.2834,24.0,20260802,fba9872e407f,backend_cost,1,2,32.0,not_requested,2026-09-06T20:40:57Z,0.254685;0.254350;0.257119;0.251550;0.273146;0.278832;0.275689;0.264415;0.285193;0.273059;0.277241;0.273479;0.262934;0.261531;0.272517,cxx,cpp
poisson2d_rich_511,261121,cg,serial,1,1,1,none,deterministic,static,fixed,200,0,iteration_cap,2.342427e-02,,511,1000000,0.115887,0.101310,0.120468,15,4.506495e+08,10.0728,24.0,20260802,fba9872e407f,backend_cost,1,6,32.0,not_requested,2026-09-06T20:40:59Z,0.119114;0.114728;0.101310;0.119675;0.119586;0.106229;0.119026;0.111844;0.117892;0.112855;0.106726;0.119066;0.120468;0.115887;0.114899,cxx,cpp
poisson2d_rich_511,261121,jacobi,openmp,20,1,1,none,deterministic,static,fixed,200,0,iteration_cap,4.052544e-02,,511,1000000,0.003463,0.002901,0.085210,15,1.508035e+10,337.0722,24.0,20260802,fba9872e407f,backend_cost,1,1,32.0,not_requested,2026-09-06T20:41:00Z,0.003159;0.003214;0.002901;0.002916;0.007323;0.010679;0.085210;0.003246;0.003570;0.003842;0.003660;0.003344;0.003198;0.003463;0.003866,cxx,cpp
poisson2d_rich_511,261121,gauss_seidel_rb,openmp,20,1,1,none,deterministic,static,fixed,200,0,iteration_cap,2.677352e-02,,511,1000000,0.006927,0.006129,0.086758,15,7.539085e+09,168.5117,24.0,20260802,fba9872e407f,backend_cost,1,2,32.0,not_requested,2026-09-06T20:41:00Z,0.006682;0.006514;0.006129;0.006256;0.006271;0.006486;0.007473;0.008183;0.039594;0.086758;0.007950;0.011702;0.006927;0.007698;0.006539,cxx,cpp
poisson2d_rich_511,261121,sor_rb,openmp,20,1,1,none,deterministic,static,fixed,200,0,iteration_cap,2.184092e-01,1.987803,511,1000000,0.007438,0.006523,0.016059,15,7.020830e+09,156.9278,24.0,20260802,fba9872e407f,backend_cost,1,2,32.0,not_requested,2026-09-06T20:41:01Z,0.006530;0.007793;0.008178;0.007085;0.006916;0.007873;0.007564;0.007438;0.007086;0.007225;0.008166;0.007874;0.007218;0.016059;0.006523,cxx,cpp
poisson2d_rich_511,261121,block_jacobi,openmp,20,1,1,none,deterministic,static,fixed,200,0,iteration_cap,2.682042e-02,,511,1000000,0.037142,0.035597,0.128905,15,1.406063e+09,31.4279,24.0,20260802,fba9872e407f,backend_cost,1,2,32.0,not_requested,2026-09-06T20:41:02Z,0.046837;0.102949;0.037885;0.043566;0.108335;0.035611;0.035597;0.036680;0.128905;0.036864;0.035857;0.037084;0.035900;0.037142;0.046673,cxx,cpp
poisson2d_rich_511,261121,cg,openmp,20,1,1,none,deterministic,static,fixed,200,0,iteration_cap,2.342427e-02,,511,1000000,0.015332,0.012899,0.019865,15,3.406280e+09,76.1363,24.0,20260802,fba9872e407f,backend_cost,1,6,32.0,not_requested,2026-09-06T20:41:02Z,0.016586;0.016035;0.014203;0.016121;0.017683;0.014830;0.017453;0.017190;0.012899;0.013401;0.015178;0.019865;0.015332;0.013622;0.014515,cxx,cpp
poisson2d_rich_511,261121,jacobi,pthreads,20,1,1,none,deterministic,static,fixed,200,0,iteration_cap,4.052544e-02,,511,1000000,0.057720,0.053944,0.067463,15,9.047844e+08,20.2235,24.0,20260802,fba9872e407f,backend_cost,1,1,32.0,not_requested,2026-09-06T20:41:03Z,0.060939;0.059407;0.058233;0.057037;0.057514;0.060707;0.057720;0.057226;0.057174;0.059814;0.056726;0.057486;0.067463;0.058914;0.053944,cxx,cpp
poisson2d_rich_511,261121,gauss_seidel_rb,pthreads,20,1,1,none,deterministic,static,fixed,200,0,iteration_cap,2.677352e-02,,511,1000000,0.118073,0.106444,0.153611,15,4.423056e+08,9.8863,24.0,20260802,fba9872e407f,backend_cost,1,2,32.0,not_requested,2026-09-06T20:41:05Z,0.153611;0.130397;0.106526;0.107953;0.118073;0.122373;0.106444;0.107430;0.109774;0.116094;0.123936;0.116321;0.152661;0.141363;0.135185,cxx,cpp
poisson2d_rich_511,261121,sor_rb,pthreads,20,1,1,none,deterministic,static,fixed,200,0,iteration_cap,2.184092e-01,1.987803,511,1000000,0.104918,0.102763,0.108711,15,4.977599e+08,11.1258,24.0,20260802,fba9872e407f,backend_cost,1,2,32.0,not_requested,2026-09-06T20:41:07Z,0.103656;0.104918;0.105941;0.107762;0.104913;0.103187;0.104315;0.102763;0.107179;0.107533;0.104426;0.107325;0.108711;0.104375;0.105013,cxx,cpp
poisson2d_rich_511,261121,block_jacobi,pthreads,20,1,1,none,deterministic,static,fixed,200,0,iteration_cap,2.682042e-02,,511,1000000,0.101176,0.099057,0.107043,15,5.161698e+08,11.5373,24.0,20260802,fba9872e407f,backend_cost,1,2,32.0,not_requested,2026-09-06T20:41:09Z,0.101691;0.099878;0.101783;0.099057;0.102128;0.102247;0.100325;0.100132;0.101120;0.101176;0.102339;0.107043;0.100363;0.099594;0.103971,cxx,cpp
poisson2d_rich_511,261121,cg,pthreads,20,1,1,none,deterministic,static,fixed,200,0,iteration_cap,2.342427e-02,,511,1000000,0.323841,0.316451,0.341334,15,1.612651e+08,3.6046,24.0,20260802,fba9872e407f,backend_cost,1,6,32.0,not_requested,2026-09-06T20:41:14Z,0.322796;0.325617;0.323841;0.326925;0.336314;0.321976;0.325525;0.325291;0.318085;0.321708;0.341334;0.331328;0.316451;0.323416;0.321169,cxx,cpp
poisson2d_rich_511,261121,jacobi,jthread,20,1,1,none,deterministic,static,fixed,200,0,iteration_cap,4.052544e-02,,511,1000000,0.057464,0.055295,0.066602,15,9.088121e+08,20.3135,24.0,20260802,fba9872e407f,backend_cost,1,1,32.0,not_requested,2026-09-06T20:41:15Z,0.057033;0.056078;0.055295;0.056129;0.060472;0.066602;0.059337;0.056730;0.058686;0.057464;0.057325;0.059077;0.060046;0.057102;0.057600,cxx,cpp
poisson2d_rich_511,261121,gauss_seidel_rb,jthread,20,1,1,none,deterministic,static,fixed,200,0,iteration_cap,2.677352e-02,,511,1000000,0.112914,0.109327,0.121631,15,4.625126e+08,10.3380,24.0,20260802,fba9872e407f,backend_cost,1,2,32.0,not_requested,2026-09-06T20:41:17Z,0.109327;0.117042;0.111556;0.112914;0.111489;0.114868;0.115767;0.110705;0.110645;0.111132;0.121631;0.114901;0.111408;0.114511;0.114873,cxx,cpp
poisson2d_rich_511,261121,sor_rb,jthread,20,1,1,none,deterministic,static,fixed,200,0,iteration_cap,2.184092e-01,1.987803,511,1000000,0.112362,0.109574,0.121644,15,4.647848e+08,10.3887,24.0,20260802,fba9872e407f,backend_cost,1,2,32.0,not_requested,2026-09-06T20:41:19Z,0.110422;0.112362;0.111922;0.111905;0.112578;0.112884;0.110313;0.112510;0.109574;0.111857;0.114081;0.118908;0.121644;0.112208;0.115657,cxx,cpp
poisson2d_rich_511,261121,block_jacobi,jthread,20,1,1,none,deterministic,static,fixed,200,0,iteration_cap,2.682042e-02,,511,1000000,0.106500,0.102482,0.113524,15,4.903681e+08,10.9606,24.0,20260802,fba9872e407f,backend_cost,1,2,32.0,not_requested,2026-09-06T20:41:21Z,0.104009;0.105380;0.106840;0.104487;0.102482;0.104075;0.109464;0.106674;0.107482;0.113524;0.106500;0.108637;0.111556;0.105693;0.105933,cxx,cpp
poisson2d_rich_511,261121,cg,jthread,20,1,1,none,deterministic,static,fixed,200,0,iteration_cap,2.342427e-02,,511,1000000,0.342836,0.336053,0.406126,15,1.523300e+08,3.4048,24.0,20260802,fba9872e407f,backend_cost,1,6,32.0,not_requested,2026-09-06T20:41:27Z,0.406126;0.338298;0.336053;0.352124;0.360714;0.341834;0.341057;0.337517;0.342836;0.344629;0.351012;0.340408;0.338179;0.349270;0.355321,cxx,cpp
poisson2d_rich_511,261121,jacobi,mpi,20,20,1,none,deterministic,static,fixed,200,0,iteration_cap,4.052544e-02,,511,1000000,0.005814,0.005290,0.006961,15,8.982234e+09,200.7686,24.0,20260802,fba9872e407f,backend_cost,1,1,32.0,not_requested,2026-09-06T20:41:28Z,0.005448;0.005309;0.006586;0.005458;0.006033;0.005643;0.005849;0.005568;0.005290;0.006204;0.006961;0.005814;0.006067;0.005749;0.006204,cxx,cpp
poisson2d_rich_511,261121,gauss_seidel_rb,mpi,20,20,1,none,deterministic,static,fixed,200,0,iteration_cap,2.677352e-02,,511,1000000,0.009705,0.008743,0.010793,15,5.381389e+09,120.2834,24.0,20260802,fba9872e407f,backend_cost,1,2,32.0,not_requested,2026-09-06T20:41:28Z,0.009867;0.010092;0.009844;0.008865;0.009705;0.008743;0.010116;0.009401;0.010793;0.008930;0.009933;0.008755;0.009128;0.010064;0.009460,cxx,cpp
poisson2d_rich_511,261121,sor_rb,mpi,20,20,1,none,deterministic,static,fixed,200,0,iteration_cap,2.184092e-01,1.987803,511,1000000,0.009530,0.008825,0.011623,15,5.480120e+09,122.4902,24.0,20260802,fba9872e407f,backend_cost,1,2,32.0,not_requested,2026-09-06T20:41:29Z,0.010097;0.009514;0.009146;0.009040;0.010015;0.009335;0.009202;0.009624;0.009556;0.009530;0.009677;0.010741;0.008825;0.011623;0.009479,cxx,cpp
poisson2d_rich_511,261121,block_jacobi,mpi,20,20,1,none,deterministic,static,fixed,200,0,iteration_cap,2.682042e-02,,511,1000000,0.205715,0.192960,0.227217,15,2.538670e+08,5.6744,24.0,20260802,fba9872e407f,backend_cost,1,2,32.0,not_requested,2026-09-06T20:41:32Z,0.199194;0.220356;0.220486;0.219216;0.210810;0.198892;0.205715;0.194269;0.199286;0.203226;0.192960;0.193638;0.205862;0.227217;0.218747,cxx,cpp
poisson2d_rich_511,261121,cg,mpi,20,20,1,none,deterministic,static,fixed,200,0,iteration_cap,2.342427e-02,,511,1000000,0.017673,0.015240,0.019269,15,2.954995e+09,66.0493,24.0,20260802,fba9872e407f,backend_cost,1,6,32.0,not_requested,2026-09-06T20:41:33Z,0.017673;0.018005;0.018894;0.016514;0.015240;0.018417;0.019269;0.017269;0.017505;0.017180;0.015530;0.017925;0.016330;0.017772;0.018855,cxx,cpp
poisson2d_rich_511,261121,jacobi,hybrid,20,5,4,none,deterministic,static,fixed,200,0,iteration_cap,4.052544e-02,,511,1000000,0.004434,0.003648,0.004979,15,1.177714e+10,263.2395,24.0,20260802,fba9872e407f,backend_cost,1,1,32.0,not_requested,2026-09-06T20:41:34Z,0.003704;0.003648;0.003723;0.004243;0.004921;0.004434;0.004204;0.004194;0.004979;0.004534;0.004830;0.004801;0.004559;0.004864;0.004412,cxx,cpp
poisson2d_rich_511,261121,gauss_seidel_rb,hybrid,20,5,4,none,deterministic,static,fixed,200,0,iteration_cap,2.677352e-02,,511,1000000,0.008659,0.008149,0.009623,15,6.031551e+09,134.8157,24.0,20260802,fba9872e407f,backend_cost,1,2,32.0,not_requested,2026-09-06T20:41:34Z,0.008481;0.008807;0.008480;0.008847;0.008534;0.008307;0.009144;0.008659;0.008149;0.008395;0.009445;0.008730;0.008833;0.008245;0.009623,cxx,cpp
poisson2d_rich_511,261121,sor_rb,hybrid,20,5,4,none,deterministic,static,fixed,200,0,iteration_cap,2.184092e-01,1.987803,511,1000000,0.009081,0.008145,0.014266,15,5.750818e+09,128.5408,24.0,20260802,fba9872e407f,backend_cost,1,2,32.0,not_requested,2026-09-06T20:41:34Z,0.009498;0.009581;0.014266;0.010003;0.010609;0.008145;0.008548;0.009393;0.009081;0.008214;0.008999;0.010267;0.008956;0.008365;0.008194,cxx,cpp
poisson2d_rich_511,261121,block_jacobi,hybrid,20,5,4,none,deterministic,static,fixed,200,0,iteration_cap,2.682042e-02,,511,1000000,0.044361,0.039286,0.049512,15,1.177243e+09,26.3134,24.0,20260802,fba9872e407f,backend_cost,1,2,32.0,not_requested,2026-09-06T20:41:35Z,0.041507;0.041388;0.046397;0.048063;0.044361;0.040774;0.047185;0.047657;0.044333;0.046775;0.046259;0.044024;0.039641;0.039286;0.049512,cxx,cpp
poisson2d_rich_511,261121,cg,hybrid,20,5,4,none,deterministic,static,fixed,200,0,iteration_cap,2.342427e-02,,511,1000000,0.016657,0.014447,0.018718,15,3.135254e+09,70.0784,24.0,20260802,fba9872e407f,backend_cost,1,6,32.0,not_requested,2026-09-06T20:41:36Z,0.017001;0.018185;0.016657;0.016563;0.016977;0.018718;0.015546;0.015345;0.016759;0.017763;0.015898;0.017362;0.015576;0.014447;0.016370,cxx,cpp
poisson2d_rich_1023,1046529,jacobi,serial,1,1,1,none,deterministic,static,fixed,200,0,iteration_cap,3.943313e-02,,1023,1000000,0.117784,0.112642,0.124742,15,1.777036e+09,39.7198,24.0,20260802,fba9872e407f,backend_cost,1,1,32.0,not_requested,2026-09-06T20:41:38Z,0.122728;0.121937;0.120335;0.118916;0.124742;0.116884;0.117678;0.123217;0.112642;0.117293;0.117336;0.117784;0.117093;0.114614;0.119063,cxx,cpp
poisson2d_rich_1023,1046529,gauss_seidel_rb,serial,1,1,1,none,deterministic,static,fixed,200,0,iteration_cap,2.761648e-02,,1023,1000000,0.163935,0.150741,0.201008,15,1.276760e+09,28.5378,24.0,20260802,fba9872e407f,backend_cost,1,2,32.0,not_requested,2026-09-06T20:41:41Z,0.179661;0.179268;0.156437;0.154861;0.198069;0.201008;0.158604;0.150741;0.158688;0.193459;0.156152;0.165854;0.151680;0.171713;0.163935,cxx,cpp
poisson2d_rich_1023,1046529,sor_rb,serial,1,1,1,none,deterministic,static,fixed,200,0,iteration_cap,6.117221e-01,1.993883,1023,1000000,0.168305,0.150425,0.210152,15,1.243609e+09,27.7968,24.0,20260802,fba9872e407f,backend_cost,1,2,32.0,not_requested,2026-09-06T20:41:44Z,0.168305;0.156324;0.158567;0.150425;0.172302;0.162488;0.207815;0.160049;0.161973;0.178485;0.181686;0.157297;0.176440;0.210152;0.188630,cxx,cpp
poisson2d_rich_1023,1046529,block_jacobi,serial,1,1,1,none,deterministic,static,fixed,200,0,iteration_cap,2.784840e-02,,1023,1000000,1.062229,1.005196,1.093303,15,1.970440e+08,4.4043,24.0,20260802,fba9872e407f,backend_cost,1,2,32.0,not_requested,2026-09-06T20:42:01Z,1.046731;1.055918;1.062229;1.041684;1.066194;1.070660;1.027800;1.093303;1.074479;1.073390;1.080697;1.081251;1.005196;1.016023;1.007977,cxx,cpp
poisson2d_rich_1023,1046529,cg,serial,1,1,1,none,deterministic,static,fixed,200,0,iteration_cap,2.541155e-02,,1023,1000000,0.516608,0.505437,0.563882,15,4.051542e+08,9.0559,24.0,20260802,fba9872e407f,backend_cost,1,6,32.0,not_requested,2026-09-06T20:42:10Z,0.523798;0.521131;0.560734;0.563882;0.540898;0.516337;0.506870;0.529697;0.516608;0.510247;0.506001;0.520938;0.505437;0.511467;0.508412,cxx,cpp
poisson2d_rich_1023,1046529,jacobi,openmp,20,1,1,none,deterministic,static,fixed,200,0,iteration_cap,3.943313e-02,,1023,1000000,0.011478,0.010711,0.015099,15,1.823526e+10,407.5898,24.0,20260802,fba9872e407f,backend_cost,1,1,32.0,not_requested,2026-09-06T20:42:10Z,0.011550;0.013428;0.012169;0.012590;0.015099;0.012426;0.011429;0.011060;0.011127;0.011478;0.011391;0.011433;0.010978;0.011909;0.010711,cxx,cpp
poisson2d_rich_1023,1046529,gauss_seidel_rb,openmp,20,1,1,none,deterministic,static,fixed,200,0,iteration_cap,2.761648e-02,,1023,1000000,0.022075,0.020663,0.027645,15,9.481561e+09,211.9294,24.0,20260802,fba9872e407f,backend_cost,1,2,32.0,not_requested,2026-09-06T20:42:11Z,0.023775;0.027645;0.025198;0.021627;0.022396;0.021606;0.020663;0.021342;0.021528;0.022917;0.022345;0.022064;0.022965;0.020893;0.022075,cxx,cpp
poisson2d_rich_1023,1046529,sor_rb,openmp,20,1,1,none,deterministic,static,fixed,200,0,iteration_cap,6.117221e-01,1.993883,1023,1000000,0.021826,0.019886,0.024307,15,9.589710e+09,214.3467,24.0,20260802,fba9872e407f,backend_cost,1,2,32.0,not_requested,2026-09-06T20:42:11Z,0.022060;0.021731;0.020171;0.021622;0.022566;0.021826;0.022914;0.019886;0.022828;0.020996;0.024307;0.022962;0.021784;0.024169;0.021468,cxx,cpp
poisson2d_rich_1023,1046529,block_jacobi,openmp,20,1,1,none,deterministic,static,fixed,200,0,iteration_cap,2.784840e-02,,1023,1000000,0.155116,0.142767,0.175334,15,1.349353e+09,30.1604,24.0,20260802,fba9872e407f,backend_cost,1,2,32.0,not_requested,2026-09-06T20:42:14Z,0.155116;0.175334;0.158607;0.152459;0.154296;0.160647;0.146976;0.162312;0.142767;0.142884;0.145176;0.156948;0.150827;0.159195;0.162335,cxx,cpp
poisson2d_rich_1023,1046529,cg,openmp,20,1,1,none,deterministic,static,fixed,200,0,iteration_cap,2.541155e-02,,1023,1000000,0.057971,0.052160,0.066731,15,3.610529e+09,80.7016,24.0,20260802,fba9872e407f,backend_cost,1,6,32.0,not_requested,2026-09-06T20:42:15Z,0.057971;0.056718;0.056297;0.052160;0.060204;0.066731;0.063066;0.055857;0.057694;0.061936;0.065934;0.059477;0.057010;0.054452;0.062414,cxx,cpp
poisson2d_rich_1023,1046529,jacobi,pthreads,20,1,1,none,deterministic,static,fixed,200,0,iteration_cap,3.943313e-02,,1023,1000000,0.067006,0.063700,0.074051,15,3.123676e+09,69.8196,24.0,20260802,fba9872e407f,backend_cost,1,1,32.0,not_requested,2026-09-06T20:42:17Z,0.065688;0.065840;0.064978;0.064281;0.063700;0.065900;0.069421;0.067866;0.074051;0.067789;0.068014;0.066692;0.068614;0.070539;0.067006,cxx,cpp
poisson2d_rich_1023,1046529,gauss_seidel_rb,pthreads,20,1,1,none,deterministic,static,fixed,200,0,iteration_cap,2.761648e-02,,1023,1000000,0.121728,0.114643,0.127726,15,1.719448e+09,38.4327,24.0,20260802,fba9872e407f,backend_cost,1,2,32.0,not_requested,2026-09-06T20:42:19Z,0.123851;0.122363;0.119043;0.114643;0.118165;0.120465;0.121942;0.124373;0.127726;0.122716;0.127646;0.118885;0.116921;0.121728;0.121728,cxx,cpp
poisson2d_rich_1023,1046529,sor_rb,pthreads,20,1,1,none,deterministic,static,fixed,200,0,iteration_cap,6.117221e-01,1.993883,1023,1000000,0.122289,0.118259,0.126905,15,1.711564e+09,38.2564,24.0,20260802,fba9872e407f,backend_cost,1,2,32.0,not_requested,2026-09-06T20:42:21Z,0.122487;0.121576;0.119563;0.126905;0.122855;0.118259;0.122289;0.121963;0.122718;0.122738;0.122775;0.122362;0.121927;0.120307;0.118407,cxx,cpp
poisson2d_rich_1023,1046529,block_jacobi,pthreads,20,1,1,none,deterministic,static,fixed,200,0,iteration_cap,2.784840e-02,,1023,1000000,0.217573,0.215666,0.221313,15,9.620004e+08,21.5024,24.0,20260802,fba9872e407f,backend_cost,1,2,32.0,not_requested,2026-09-06T20:42:25Z,0.218121;0.217566;0.218881;0.221073;0.221313;0.215974;0.216397;0.217059;0.218601;0.215860;0.216700;0.215666;0.217818;0.218300;0.217573,cxx,cpp
poisson2d_rich_1023,1046529,cg,pthreads,20,1,1,none,deterministic,static,fixed,200,0,iteration_cap,2.541155e-02,,1023,1000000,0.392148,0.374414,0.400242,15,5.337414e+08,11.9301,24.0,20260802,fba9872e407f,backend_cost,1,6,32.0,not_requested,2026-09-06T20:42:31Z,0.395629;0.383539;0.374414;0.397852;0.393094;0.398348;0.400242;0.382070;0.392148;0.387853;0.393246;0.398925;0.385688;0.378848;0.389526,cxx,cpp
poisson2d_rich_1023,1046529,jacobi,jthread,20,1,1,none,deterministic,static,fixed,200,0,iteration_cap,3.943313e-02,,1023,1000000,0.067262,0.063554,0.076239,15,3.111798e+09,69.5541,24.0,20260802,fba9872e407f,backend_cost,1,1,32.0,not_requested,2026-09-06T20:42:32Z,0.072369;0.067262;0.065968;0.071231;0.072744;0.063554;0.064656;0.066749;0.076239;0.065265;0.067737;0.067922;0.063715;0.066875;0.068310,cxx,cpp
poisson2d_rich_1023,1046529,gauss_seidel_rb,jthread,20,1,1,none,deterministic,static,fixed,200,0,iteration_cap,2.761648e-02,,1023,1000000,0.122244,0.120046,0.135432,15,1.712197e+09,38.2706,24.0,20260802,fba9872e407f,backend_cost,1,2,32.0,not_requested,2026-09-06T20:42:35Z,0.129123;0.135432;0.130709;0.120046;0.121340;0.124715;0.121124;0.121325;0.123431;0.121656;0.122371;0.122244;0.123179;0.120303;0.121741,cxx,cpp
poisson2d_rich_1023,1046529,sor_rb,jthread,20,1,1,none,deterministic,static,fixed,200,0,iteration_cap,6.117221e-01,1.993883,1023,1000000,0.124786,0.118801,0.146629,15,1.677323e+09,37.4911,24.0,20260802,fba9872e407f,backend_cost,1,2,32.0,not_requested,2026-09-06T20:42:37Z,0.146629;0.134011;0.137290;0.141298;0.144023;0.123895;0.134169;0.127517;0.121614;0.118801;0.119536;0.120319;0.124786;0.122707;0.120734,cxx,cpp
poisson2d_rich_1023,1046529,block_jacobi,jthread,20,1,1,none,deterministic,static,fixed,200,0,iteration_cap,2.784840e-02,,1023,1000000,0.200210,0.197088,0.214645,15,1.045430e+09,23.3672,24.0,20260802,fba9872e407f,backend_cost,1,2,32.0,not_requested,2026-09-06T20:42:40Z,0.213555;0.211550;0.214645;0.205771;0.200933;0.198399;0.197201;0.199505;0.207278;0.197088;0.200475;0.197234;0.199773;0.200210;0.199616,cxx,cpp
poisson2d_rich_1023,1046529,cg,jthread,20,1,1,none,deterministic,static,fixed,200,0,iteration_cap,2.541155e-02,,1023,1000000,0.401885,0.379978,0.423304,15,5.208102e+08,11.6410,24.0,20260802,fba9872e407f,backend_cost,1,6,32.0,not_requested,2026-09-06T20:42:47Z,0.397079;0.379978;0.423304;0.397595;0.422941;0.408430;0.383501;0.416759;0.392406;0.405304;0.401885;0.401366;0.419798;0.410380;0.395909,cxx,cpp
poisson2d_rich_1023,1046529,jacobi,mpi,20,20,1,none,deterministic,static,fixed,200,0,iteration_cap,3.943313e-02,,1023,1000000,0.020608,0.017387,0.025152,15,1.015658e+10,227.0172,24.0,20260802,fba9872e407f,backend_cost,1,1,32.0,not_requested,2026-09-06T20:42:48Z,0.020664;0.019076;0.021177;0.025152;0.022172;0.019738;0.019918;0.017387;0.020608;0.019025;0.023737;0.018089;0.022843;0.020817;0.019932,cxx,cpp
poisson2d_rich_1023,1046529,gauss_seidel_rb,mpi,20,20,1,none,deterministic,static,fixed,200,0,iteration_cap,2.761648e-02,,1023,1000000,0.029554,0.027941,0.034544,15,7.082141e+09,158.2982,24.0,20260802,fba9872e407f,backend_cost,1,2,32.0,not_requested,2026-09-06T20:42:49Z,0.030053;0.034544;0.031024;0.028560;0.027941;0.028464;0.028208;0.029528;0.028949;0.030085;0.030488;0.034137;0.028620;0.029554;0.032507,cxx,cpp
poisson2d_rich_1023,1046529,sor_rb,mpi,20,20,1,none,deterministic,static,fixed,200,0,iteration_cap,6.117221e-01,1.993883,1023,1000000,0.030995,0.028851,0.036017,15,6.752923e+09,150.9396,24.0,20260802,fba9872e407f,backend_cost,1,2,32.0,not_requested,2026-09-06T20:42:50Z,0.032847;0.028903;0.028858;0.028851;0.031086;0.032592;0.029312;0.033167;0.032560;0.030995;0.029710;0.031721;0.028965;0.036017;0.030135,cxx,cpp
poisson2d_rich_1023,1046529,block_jacobi,mpi,20,20,1,none,deterministic,static,fixed,200,0,iteration_cap,2.784840e-02,,1023,1000000,1.186165,1.177650,1.206157,15,1.764559e+08,3.9441,24.0,20260802,fba9872e407f,backend_cost,1,2,32.0,not_requested,2026-09-06T20:43:10Z,1.187400;1.184869;1.177650;1.192783;1.179183;1.189242;1.189468;1.206157;1.186303;1.186165;1.188557;1.181018;1.183356;1.185044;1.185947,cxx,cpp
poisson2d_rich_1023,1046529,cg,mpi,20,20,1,none,deterministic,static,fixed,200,0,iteration_cap,2.541155e-02,,1023,1000000,0.067943,0.057748,0.077803,15,3.080600e+09,68.8568,24.0,20260802,fba9872e407f,backend_cost,1,6,32.0,not_requested,2026-09-06T20:43:11Z,0.066030;0.068682;0.068996;0.066129;0.061751;0.068772;0.067943;0.077803;0.066934;0.057748;0.064383;0.074214;0.076851;0.066251;0.069404,cxx,cpp
poisson2d_rich_1023,1046529,jacobi,hybrid,20,5,4,none,deterministic,static,fixed,200,0,iteration_cap,3.943313e-02,,1023,1000000,0.016026,0.014078,0.022041,15,1.306078e+10,291.9313,24.0,20260802,fba9872e407f,backend_cost,1,1,32.0,not_requested,2026-09-06T20:43:12Z,0.022041;0.019009;0.016026;0.021259;0.018538;0.016107;0.015603;0.014078;0.015074;0.014979;0.014547;0.015287;0.019459;0.021756;0.014547,cxx,cpp
poisson2d_rich_1023,1046529,gauss_seidel_rb,hybrid,20,5,4,none,deterministic,static,fixed,200,0,iteration_cap,2.761648e-02,,1023,1000000,0.026204,0.022855,0.030923,15,7.987585e+09,178.5364,24.0,20260802,fba9872e407f,backend_cost,1,2,32.0,not_requested,2026-09-06T20:43:13Z,0.027182;0.030923;0.027292;0.026570;0.028673;0.026204;0.025799;0.025333;0.025717;0.026742;0.025222;0.024778;0.022855;0.025921;0.027122,cxx,cpp
poisson2d_rich_1023,1046529,sor_rb,hybrid,20,5,4,none,deterministic,static,fixed,200,0,iteration_cap,6.117221e-01,1.993883,1023,1000000,0.026979,0.023585,0.031164,15,7.758011e+09,173.4051,24.0,20260802,fba9872e407f,backend_cost,1,2,32.0,not_requested,2026-09-06T20:43:13Z,0.028375;0.028033;0.026979;0.026320;0.029199;0.024703;0.028392;0.027627;0.030492;0.031164;0.024876;0.026683;0.026515;0.024891;0.023585,cxx,cpp
poisson2d_rich_1023,1046529,block_jacobi,hybrid,20,5,4,none,deterministic,static,fixed,200,0,iteration_cap,2.784840e-02,,1023,1000000,0.361047,0.334287,0.399336,15,5.797196e+08,12.9577,24.0,20260802,fba9872e407f,backend_cost,1,2,32.0,not_requested,2026-09-06T20:43:20Z,0.361047;0.353651;0.375035;0.371263;0.334287;0.366968;0.354761;0.347812;0.367765;0.361574;0.356380;0.399336;0.341789;0.344678;0.370478,cxx,cpp
poisson2d_rich_1023,1046529,cg,hybrid,20,5,4,none,deterministic,static,fixed,200,0,iteration_cap,2.541155e-02,,1023,1000000,0.059260,0.051152,0.065676,15,3.532016e+09,78.9467,24.0,20260802,fba9872e407f,backend_cost,1,6,32.0,not_requested,2026-09-06T20:43:21Z,0.053643;0.056908;0.062021;0.065676;0.063402;0.059198;0.064895;0.059566;0.051152;0.059901;0.063683;0.057255;0.055538;0.055089;0.059260,cxx,cpp
poisson2d_rich_2047,4190209,jacobi,serial,1,1,1,none,deterministic,static,fixed,200,0,iteration_cap,3.935747e-02,,2047,1000000,0.681669,0.670956,0.703678,15,1.229397e+09,27.4792,24.0,20260802,fba9872e407f,backend_cost,1,1,32.0,not_requested,2026-09-06T20:43:32Z,0.675545;0.670956;0.703678;0.692790;0.672752;0.696514;0.671376;0.671430;0.681669;0.684674;0.690622;0.681640;0.693321;0.678948;0.688857,cxx,cpp
poisson2d_rich_2047,4190209,gauss_seidel_rb,serial,1,1,1,none,deterministic,static,fixed,200,0,iteration_cap,2.761906e-02,,2047,1000000,1.252025,1.225139,1.279687,15,6.693492e+08,14.9611,24.0,20260802,fba9872e407f,backend_cost,1,2,32.0,not_requested,2026-09-06T20:43:53Z,1.279687;1.268212;1.260086;1.251589;1.254314;1.242746;1.228831;1.238044;1.253396;1.253090;1.257336;1.240944;1.250019;1.252025;1.225139,cxx,cpp
poisson2d_rich_2047,4190209,sor_rb,serial,1,1,1,none,deterministic,static,fixed,200,0,iteration_cap,1.144686e+00,1.996937,2047,1000000,1.304496,1.252729,1.357930,15,6.424255e+08,14.3593,24.0,20260802,fba9872e407f,backend_cost,1,2,32.0,not_requested,2026-09-06T20:44:14Z,1.278343;1.273855;1.272609;1.252729;1.312754;1.265238;1.294979;1.333010;1.304496;1.339708;1.350625;1.357930;1.318448;1.297919;1.309853,cxx,cpp
poisson2d_rich_2047,4190209,block_jacobi,serial,1,1,1,none,deterministic,static,fixed,200,0,iteration_cap,2.786708e-02,,2047,1000000,4.161305,4.033425,4.199732,15,2.013892e+08,4.5014,24.0,20260802,fba9872e407f,backend_cost,1,2,32.0,not_requested,2026-09-06T20:45:20Z,4.185726;4.172057;4.173448;4.161305;4.188796;4.185781;4.199732;4.162462;4.033425;4.035930;4.058684;4.067679;4.040801;4.033522;4.056315,cxx,cpp
poisson2d_rich_2047,4190209,cg,serial,1,1,1,none,deterministic,static,fixed,200,0,iteration_cap,3.487752e-02,,2047,1000000,2.971932,2.950828,3.015756,15,2.819855e+08,6.3029,24.0,20260802,fba9872e407f,backend_cost,1,6,32.0,not_requested,2026-09-06T20:46:08Z,2.957752;2.955410;2.975379;2.979753;2.950828;2.968352;2.953738;2.968930;2.986390;3.015756;2.984766;2.965989;3.008822;2.971932;2.984228,cxx,cpp
poisson2d_rich_2047,4190209,jacobi,openmp,20,1,1,none,deterministic,static,fixed,200,0,iteration_cap,3.935747e-02,,2047,1000000,0.275169,0.259785,0.304068,15,3.045548e+09,68.0733,24.0,20260802,fba9872e407f,backend_cost,1,1,32.0,not_requested,2026-09-06T20:46:13Z,0.259785;0.272171;0.264899;0.276463;0.282950;0.284056;0.287848;0.284126;0.284028;0.275169;0.261961;0.267280;0.304068;0.271543;0.269399,cxx,cpp
poisson2d_rich_2047,4190209,gauss_seidel_rb,openmp,20,1,1,none,deterministic,static,fixed,200,0,iteration_cap,2.761906e-02,,2047,1000000,0.278702,0.261401,0.314669,15,3.006946e+09,67.2105,24.0,20260802,fba9872e407f,backend_cost,1,2,32.0,not_requested,2026-09-06T20:46:18Z,0.296556;0.278702;0.280468;0.287511;0.273072;0.261401;0.293219;0.279568;0.276259;0.272024;0.314669;0.276393;0.274600;0.273426;0.301474,cxx,cpp
poisson2d_rich_2047,4190209,sor_rb,openmp,20,1,1,none,deterministic,static,fixed,200,0,iteration_cap,1.144686e+00,1.996937,2047,1000000,0.338656,0.256900,0.443715,15,2.474610e+09,55.3118,24.0,20260802,fba9872e407f,backend_cost,1,2,32.0,not_requested,2026-09-06T20:46:23Z,0.385630;0.321501;0.409026;0.336485;0.338656;0.287165;0.443715;0.399578;0.387395;0.340752;0.256900;0.283709;0.271572;0.351576;0.327017,cxx,cpp
poisson2d_rich_2047,4190209,block_jacobi,openmp,20,1,1,none,deterministic,static,fixed,200,0,iteration_cap,2.786708e-02,,2047,1000000,0.753282,0.678130,0.954770,15,1.112521e+09,24.8668,24.0,20260802,fba9872e407f,backend_cost,1,2,32.0,not_requested,2026-09-06T20:46:36Z,0.682422;0.709128;0.678130;0.721585;0.772021;0.709143;0.805677;0.759500;0.756184;0.954770;0.747874;0.753282;0.729268;0.814181;0.763114,cxx,cpp
poisson2d_rich_2047,4190209,cg,openmp,20,1,1,none,deterministic,static,fixed,200,0,iteration_cap,3.487752e-02,,2047,1000000,1.157069,1.112022,1.294670,15,7.242802e+08,16.1889,24.0,20260802,fba9872e407f,backend_cost,1,6,32.0,not_requested,2026-09-06T20:46:55Z,1.112022;1.122139;1.141277;1.130054;1.172943;1.294670;1.207669;1.164949;1.125564;1.157069;1.152580;1.169986;1.147148;1.201650;1.171533,cxx,cpp
poisson2d_rich_2047,4190209,jacobi,pthreads,20,1,1,none,deterministic,static,fixed,200,0,iteration_cap,3.935747e-02,,2047,1000000,0.350940,0.337021,0.367958,15,2.387993e+09,53.3758,24.0,20260802,fba9872e407f,backend_cost,1,1,32.0,not_requested,2026-09-06T20:47:01Z,0.350940;0.354359;0.346871;0.337021;0.365202;0.354372;0.339088;0.344264;0.344308;0.351965;0.356505;0.367958;0.346151;0.353592;0.349011,cxx,cpp
poisson2d_rich_2047,4190209,gauss_seidel_rb,pthreads,20,1,1,none,deterministic,static,fixed,200,0,iteration_cap,2.761906e-02,,2047,1000000,0.505789,0.469086,0.543899,15,1.656902e+09,37.0346,24.0,20260802,fba9872e407f,backend_cost,1,2,32.0,not_requested,2026-09-06T20:47:09Z,0.543899;0.508396;0.469086;0.488062;0.499750;0.478452;0.485820;0.513048;0.505789;0.532578;0.501348;0.511285;0.515873;0.507790;0.500674,cxx,cpp
poisson2d_rich_2047,4190209,sor_rb,pthreads,20,1,1,none,deterministic,static,fixed,200,0,iteration_cap,1.144686e+00,1.996937,2047,1000000,0.482321,0.458708,0.594976,15,1.737518e+09,38.8366,24.0,20260802,fba9872e407f,backend_cost,1,2,32.0,not_requested,2026-09-06T20:47:17Z,0.542539;0.502546;0.594976;0.494063;0.491879;0.458708;0.474896;0.473981;0.492823;0.465726;0.466127;0.482148;0.465971;0.491094;0.482321,cxx,cpp
poisson2d_rich_2047,4190209,block_jacobi,pthreads,20,1,1,none,deterministic,static,fixed,200,0,iteration_cap,2.786708e-02,,2047,1000000,0.789045,0.783438,0.804970,15,1.062096e+09,23.7397,24.0,20260802,fba9872e407f,backend_cost,1,2,32.0,not_requested,2026-09-06T20:47:30Z,0.784726;0.788410;0.795744;0.783751;0.790044;0.783438;0.794762;0.804970;0.788132;0.792021;0.788575;0.792459;0.787873;0.789045;0.792123,cxx,cpp
poisson2d_rich_2047,4190209,cg,pthreads,20,1,1,none,deterministic,static,fixed,200,0,iteration_cap,3.487752e-02,,2047,1000000,1.415644,1.394167,1.577835,15,5.919862e+08,13.2319,24.0,20260802,fba9872e407f,backend_cost,1,6,32.0,not_requested,2026-09-06T20:47:54Z,1.429152;1.415644;1.422947;1.395446;1.449030;1.403215;1.441526;1.500653;1.413069;1.408787;1.402362;1.408948;1.394167;1.577835;1.537854,cxx,cpp
poisson2d_rich_2047,4190209,jacobi,jthread,20,1,1,none,deterministic,static,fixed,200,0,iteration_cap,3.935747e-02,,2047,1000000,0.362135,0.356670,0.377481,15,2.314168e+09,51.7257,24.0,20260802,fba9872e407f,backend_cost,1,1,32.0,not_requested,2026-09-06T20:48:00Z,0.359475;0.377481;0.361591;0.362135;0.359853;0.368162;0.365364;0.367876;0.364801;0.356866;0.356970;0.356670;0.366582;0.374624;0.358340,cxx,cpp
poisson2d_rich_2047,4190209,gauss_seidel_rb,jthread,20,1,1,none,deterministic,static,fixed,200,0,iteration_cap,2.761906e-02,,2047,1000000,0.517010,0.491465,0.564182,15,1.620938e+09,36.2308,24.0,20260802,fba9872e407f,backend_cost,1,2,32.0,not_requested,2026-09-06T20:48:08Z,0.524063;0.502533;0.491881;0.491465;0.517010;0.525737;0.528565;0.491907;0.516466;0.533346;0.513967;0.564182;0.562599;0.511294;0.523967,cxx,cpp
poisson2d_rich_2047,4190209,sor_rb,jthread,20,1,1,none,deterministic,static,fixed,200,0,iteration_cap,1.144686e+00,1.996937,2047,1000000,0.534337,0.495668,0.649670,15,1.568378e+09,35.0560,24.0,20260802,fba9872e407f,backend_cost,1,2,32.0,not_requested,2026-09-06T20:48:17Z,0.649670;0.533685;0.511506;0.549551;0.542967;0.516573;0.519583;0.581549;0.510584;0.534337;0.495668;0.517423;0.546728;0.557642;0.597458,cxx,cpp
poisson2d_rich_2047,4190209,block_jacobi,jthread,20,1,1,none,deterministic,static,fixed,200,0,iteration_cap,2.786708e-02,,2047,1000000,0.747305,0.717505,0.807270,15,1.121419e+09,25.0657,24.0,20260802,fba9872e407f,backend_cost,1,2,32.0,not_requested,2026-09-06T20:48:30Z,0.740405;0.728432;0.738079;0.717505;0.803670;0.727985;0.721829;0.770478;0.765892;0.734231;0.786488;0.807270;0.747305;0.791341;0.783900,cxx,cpp
poisson2d_rich_2047,4190209,cg,jthread,20,1,1,none,deterministic,static,fixed,200,0,iteration_cap,3.487752e-02,,2047,1000000,1.555241,1.461029,1.649912,15,5.388500e+08,12.0442,24.0,20260802,fba9872e407f,backend_cost,1,6,32.0,not_requested,2026-09-06T20:48:55Z,1.469217;1.479959;1.624195;1.552167;1.649912;1.471428;1.555446;1.461029;1.600897;1.511804;1.600262;1.469226;1.624579;1.557570;1.555241,cxx,cpp
poisson2d_rich_2047,4190209,jacobi,mpi,20,20,1,none,deterministic,static,fixed,200,0,iteration_cap,3.935747e-02,,2047,1000000,0.317371,0.297451,0.350397,15,2.640573e+09,59.0214,24.0,20260802,fba9872e407f,backend_cost,1,1,32.0,not_requested,2026-09-06T20:49:02Z,0.337197;0.317371;0.350397;0.315487;0.322793;0.323553;0.308975;0.299864;0.347115;0.314107;0.297451;0.305706;0.334087;0.319458;0.313105,cxx,cpp
poisson2d_rich_2047,4190209,gauss_seidel_rb,mpi,20,20,1,none,deterministic,static,fixed,200,0,iteration_cap,2.761906e-02,,2047,1000000,0.340896,0.315284,0.390219,15,2.458347e+09,54.9483,24.0,20260802,fba9872e407f,backend_cost,1,2,32.0,not_requested,2026-09-06T20:49:08Z,0.340896;0.390219;0.320549;0.360977;0.337385;0.322771;0.387263;0.369611;0.316203;0.369926;0.319471;0.316994;0.343529;0.361448;0.315284,cxx,cpp
poisson2d_rich_2047,4190209,sor_rb,mpi,20,20,1,none,deterministic,static,fixed,200,0,iteration_cap,1.144686e+00,1.996937,2047,1000000,0.334307,0.314240,0.705162,15,2.506803e+09,56.0314,24.0,20260802,fba9872e407f,backend_cost,1,2,32.0,not_requested,2026-09-06T20:49:15Z,0.334307;0.374787;0.352678;0.373744;0.327565;0.314240;0.334241;0.330845;0.348590;0.333940;0.355981;0.705162;0.316811;0.371522;0.330026,cxx,cpp
poisson2d_rich_2047,4190209,block_jacobi,mpi,20,20,1,none,deterministic,static,fixed,200,0,iteration_cap,2.786708e-02,,2047,1000000,4.261868,4.159365,4.438233,15,1.966372e+08,4.3952,24.0,20260802,fba9872e407f,backend_cost,1,2,32.0,not_requested,2026-09-06T20:50:24Z,4.182206;4.159365;4.209280;4.351406;4.276621;4.438233;4.261868;4.173531;4.241916;4.236575;4.322691;4.336744;4.284256;4.233018;4.284052,cxx,cpp
poisson2d_rich_2047,4190209,cg,mpi,20,20,1,none,deterministic,static,fixed,200,0,iteration_cap,3.487752e-02,,2047,1000000,1.210461,1.186510,1.518837,15,6.923325e+08,15.4748,24.0,20260802,fba9872e407f,backend_cost,1,6,32.0,not_requested,2026-09-06T20:50:45Z,1.266990;1.226351;1.210350;1.206952;1.186510;1.203264;1.211042;1.204997;1.502284;1.227171;1.233212;1.210320;1.207353;1.210461;1.518837,cxx,cpp
poisson2d_rich_2047,4190209,jacobi,hybrid,20,5,4,none,deterministic,static,fixed,200,0,iteration_cap,3.935747e-02,,2047,1000000,0.317606,0.282832,0.664771,15,2.638617e+09,58.9777,24.0,20260802,fba9872e407f,backend_cost,1,1,32.0,not_requested,2026-09-06T20:50:52Z,0.293489;0.333149;0.337411;0.602275;0.302399;0.435227;0.590446;0.317606;0.282832;0.303250;0.664771;0.289748;0.311354;0.307860;0.627883,cxx,cpp
poisson2d_rich_2047,4190209,gauss_seidel_rb,hybrid,20,5,4,none,deterministic,static,fixed,200,0,iteration_cap,2.761906e-02,,2047,1000000,0.380826,0.316871,0.443059,15,2.200588e+09,49.1870,24.0,20260802,fba9872e407f,backend_cost,1,2,32.0,not_requested,2026-09-06T20:50:59Z,0.400835;0.437275;0.397347;0.394149;0.388736;0.413968;0.376453;0.379058;0.370842;0.443059;0.380826;0.316871;0.340079;0.338011;0.338810,cxx,cpp
poisson2d_rich_2047,4190209,sor_rb,hybrid,20,5,4,none,deterministic,static,fixed,200,0,iteration_cap,1.144686e+00,1.996937,2047,1000000,0.361472,0.311072,0.455353,15,2.318417e+09,51.8207,24.0,20260802,fba9872e407f,backend_cost,1,2,32.0,not_requested,2026-09-06T20:51:06Z,0.390868;0.368532;0.394576;0.455353;0.371250;0.379337;0.349474;0.346398;0.334163;0.361472;0.311072;0.368087;0.329378;0.319471;0.340626,cxx,cpp
poisson2d_rich_2047,4190209,block_jacobi,hybrid,20,5,4,none,deterministic,static,fixed,200,0,iteration_cap,2.786708e-02,,2047,1000000,1.626298,1.489162,1.778682,15,5.153063e+08,11.5180,24.0,20260802,fba9872e407f,backend_cost,1,2,32.0,not_requested,2026-09-06T20:51:32Z,1.594098;1.700171;1.558067;1.626298;1.679561;1.535166;1.638815;1.549671;1.704917;1.489162;1.592956;1.575202;1.752047;1.778682;1.728883,cxx,cpp
poisson2d_rich_2047,4190209,cg,hybrid,20,5,4,none,deterministic,static,fixed,200,0,iteration_cap,3.487752e-02,,2047,1000000,1.237390,1.142473,1.525432,15,6.772658e+08,15.1381,24.0,20260802,fba9872e407f,backend_cost,1,6,32.0,not_requested,2026-09-06T20:51:54Z,1.305824;1.387563;1.298364;1.251747;1.185987;1.502362;1.237390;1.149170;1.178945;1.525432;1.177636;1.142473;1.508184;1.205349;1.161267,cxx,cpp
poisson2d_rich_1023,1046529,jacobi,openmp,1,1,1,none,deterministic,static,fixed,100,0,iteration_cap,5.591322e-02,,1023,1000000,0.068041,0.062781,0.080042,15,1.538085e+09,34.3789,24.0,20260802,fba9872e407f,scaling,1,1,32.0,not_requested,2026-09-06T20:51:55Z,0.064455;0.062781;0.065125;0.064116;0.080042;0.068858;0.069192;0.067320;0.068105;0.065875;0.066555;0.068041;0.072455;0.068375;0.068304,cxx,cpp
poisson2d_rich_1023,1046529,jacobi,openmp,2,1,1,none,deterministic,static,fixed,100,0,iteration_cap,5.591322e-02,,1023,1000000,0.032259,0.030575,0.054633,15,3.244136e+09,72.5121,24.0,20260802,fba9872e407f,scaling,1,1,32.0,not_requested,2026-09-06T20:51:56Z,0.030575;0.032400;0.031856;0.032678;0.031218;0.032569;0.032259;0.033257;0.032478;0.030753;0.031409;0.031828;0.032961;0.032011;0.054633,cxx,cpp
poisson2d_rich_1023,1046529,jacobi,openmp,3,1,1,none,deterministic,static,fixed,100,0,iteration_cap,5.591322e-02,,1023,1000000,0.020376,0.018648,0.023922,15,5.136119e+09,114.8012,24.0,20260802,fba9872e407f,scaling,1,1,32.0,not_requested,2026-09-06T20:51:56Z,0.021839;0.021749;0.022886;0.023922;0.020376;0.019059;0.020322;0.019723;0.020514;0.022630;0.019309;0.018648;0.019220;0.020322;0.020484,cxx,cpp
poisson2d_rich_1023,1046529,jacobi,openmp,4,1,1,none,deterministic,static,fixed,100,0,iteration_cap,5.591322e-02,,1023,1000000,0.015168,0.013462,0.016917,15,6.899638e+09,154.2189,24.0,20260802,fba9872e407f,scaling,1,1,32.0,not_requested,2026-09-06T20:51:57Z,0.015802;0.015508;0.016917;0.015718;0.014255;0.015472;0.015168;0.013936;0.013462;0.014496;0.014576;0.014236;0.014343;0.015791;0.015802,cxx,cpp
poisson2d_rich_1023,1046529,jacobi,openmp,5,1,1,none,deterministic,static,fixed,100,0,iteration_cap,5.591322e-02,,1023,1000000,0.015705,0.011638,0.021921,15,6.663773e+09,148.9469,24.0,20260802,fba9872e407f,scaling,1,1,32.0,not_requested,2026-09-06T20:51:57Z,0.021921;0.021658;0.012375;0.011638;0.012508;0.013471;0.013517;0.012942;0.016634;0.015705;0.021555;0.021055;0.020808;0.016633;0.012241,cxx,cpp
poisson2d_rich_1023,1046529,jacobi,openmp,6,1,1,none,deterministic,static,fixed,100,0,iteration_cap,5.591322e-02,,1023,1000000,0.016317,0.010466,0.019717,15,6.413832e+09,143.3603,24.0,20260802,fba9872e407f,scaling,1,1,32.0,not_requested,2026-09-06T20:51:58Z,0.017489;0.017436;0.019717;0.018322;0.018031;0.017628;0.011560;0.010662;0.012003;0.017843;0.016317;0.015522;0.016243;0.010466;0.010678,cxx,cpp
poisson2d_rich_1023,1046529,jacobi,openmp,7,1,1,none,deterministic,static,fixed,100,0,iteration_cap,5.591322e-02,,1023,1000000,0.009842,0.007570,0.015585,15,1.063382e+10,237.6843,24.0,20260802,fba9872e407f,scaling,1,1,32.0,not_requested,2026-09-06T20:51:58Z,0.015585;0.008130;0.010664;0.012101;0.011067;0.009842;0.008109;0.007570;0.010270;0.011808;0.008606;0.008340;0.009610;0.009959;0.008705,cxx,cpp
poisson2d_rich_1023,1046529,jacobi,openmp,8,1,1,none,deterministic,static,fixed,100,0,iteration_cap,5.591322e-02,,1023,1000000,0.011037,0.007222,0.027387,15,9.482177e+09,211.9432,24.0,20260802,fba9872e407f,scaling,1,1,32.0,not_requested,2026-09-06T20:51:58Z,0.008078;0.008275;0.008073;0.008801;0.008349;0.011037;0.027387;0.017863;0.015348;0.015425;0.016311;0.007222;0.013256;0.013322;0.011037,cxx,cpp
poisson2d_rich_1023,1046529,jacobi,openmp,9,1,1,none,deterministic,static,fixed,100,0,iteration_cap,5.591322e-02,,1023,1000000,0.011942,0.007858,0.014052,15,8.763129e+09,195.8712,24.0,20260802,fba9872e407f,scaling,1,1,32.0,not_requested,2026-09-06T20:51:59Z,0.011864;0.011942;0.007858;0.011387;0.011555;0.011847;0.012581;0.011905;0.013431;0.012795;0.012644;0.014052;0.013366;0.012176;0.008991,cxx,cpp
poisson2d_rich_1023,1046529,jacobi,openmp,10,1,1,none,deterministic,static,fixed,100,0,iteration_cap,5.591322e-02,,1023,1000000,0.009705,0.007214,0.013371,15,1.078317e+10,241.0227,24.0,20260802,fba9872e407f,scaling,1,1,32.0,not_requested,2026-09-06T20:51:59Z,0.011493;0.009705;0.007214;0.007345;0.007371;0.008504;0.011507;0.010994;0.013211;0.010474;0.008245;0.011138;0.013371;0.009561;0.009296,cxx,cpp
poisson2d_rich_1023,1046529,jacobi,openmp,11,1,1,none,deterministic,static,fixed,100,0,iteration_cap,5.591322e-02,,1023,1000000,0.010037,0.008174,0.013481,15,1.042680e+10,233.0570,24.0,20260802,fba9872e407f,scaling,1,1,32.0,not_requested,2026-09-06T20:52:00Z,0.010657;0.013481;0.012826;0.009826;0.009904;0.011171;0.012916;0.010723;0.010037;0.009804;0.011152;0.008174;0.009048;0.009186;0.008768,cxx,cpp
poisson2d_rich_1023,1046529,jacobi,openmp,12,1,1,none,deterministic,static,fixed,100,0,iteration_cap,5.591322e-02,,1023,1000000,0.010366,0.009223,0.014110,15,1.009593e+10,225.6615,24.0,20260802,fba9872e407f,scaling,1,1,32.0,not_requested,2026-09-06T20:52:00Z,0.013700;0.014110;0.010156;0.009223;0.009255;0.009347;0.009582;0.009236;0.010366;0.012063;0.012581;0.012497;0.011724;0.009239;0.011193,cxx,cpp
poisson2d_rich_1023,1046529,jacobi,openmp,13,1,1,none,deterministic,static,fixed,100,0,iteration_cap,5.591322e-02,,1023,1000000,0.009472,0.007771,0.014305,15,1.104866e+10,246.9568,24.0,20260802,fba9872e407f,scaling,1,1,32.0,not_requested,2026-09-06T20:52:00Z,0.013840;0.009133;0.007771;0.008333;0.009654;0.009472;0.008711;0.008311;0.010687;0.008938;0.010289;0.009726;0.008411;0.011582;0.014305,cxx,cpp
poisson2d_rich_1023,1046529,jacobi,openmp,14,1,1,none,deterministic,static,fixed,100,0,iteration_cap,5.591322e-02,,1023,1000000,0.008923,0.007822,0.012307,15,1.172907e+10,262.1652,24.0,20260802,fba9872e407f,scaling,1,1,32.0,not_requested,2026-09-06T20:52:01Z,0.012307;0.011498;0.010510;0.011695;0.008984;0.008555;0.008418;0.008923;0.008741;0.009384;0.008634;0.011004;0.008787;0.007822;0.008002,cxx,cpp
poisson2d_rich_1023,1046529,jacobi,openmp,15,1,1,none,deterministic,static,fixed,100,0,iteration_cap,5.591322e-02,,1023,1000000,0.011355,0.008411,0.062778,15,9.216093e+09,205.9957,24.0,20260802,fba9872e407f,scaling,1,1,32.0,not_requested,2026-09-06T20:52:01Z,0.011182;0.009767;0.010425;0.009995;0.008411;0.009809;0.013193;0.011355;0.009267;0.021324;0.022455;0.062778;0.021177;0.017219;0.024105,cxx,cpp
poisson2d_rich_1023,1046529,jacobi,openmp,16,1,1,none,deterministic,static,fixed,100,0,iteration_cap,5.591322e-02,,1023,1000000,0.007517,0.006758,0.010659,15,1.392254e+10,311.1930,24.0,20260802,fba9872e407f,scaling,1,1,32.0,not_requested,2026-09-06T20:52:01Z,0.006837;0.007625;0.006758;0.007867;0.007142;0.007315;0.007127;0.009554;0.010659;0.007083;0.007958;0.007830;0.008312;0.007230;0.007517,cxx,cpp
poisson2d_rich_1023,1046529,jacobi,openmp,17,1,1,none,deterministic,static,fixed,100,0,iteration_cap,5.591322e-02,,1023,1000000,0.007910,0.006014,0.011311,15,1.322983e+10,295.7098,24.0,20260802,fba9872e407f,scaling,1,1,32.0,not_requested,2026-09-06T20:52:02Z,0.008823;0.009334;0.011311;0.010608;0.007910;0.007337;0.008401;0.008253;0.008678;0.006562;0.006014;0.006326;0.006119;0.006344;0.006960,cxx,cpp
poisson2d_rich_1023,1046529,jacobi,openmp,18,1,1,none,deterministic,static,fixed,100,0,iteration_cap,5.591322e-02,,1023,1000000,0.006835,0.005799,0.007749,15,1.531200e+10,342.2498,24.0,20260802,fba9872e407f,scaling,1,1,32.0,not_requested,2026-09-06T20:52:02Z,0.007749;0.006419;0.007148;0.005826;0.006161;0.006892;0.007209;0.007639;0.006971;0.005799;0.006077;0.006344;0.005823;0.006835;0.006958,cxx,cpp
poisson2d_rich_1023,1046529,jacobi,openmp,19,1,1,none,deterministic,static,fixed,100,0,iteration_cap,5.591322e-02,,1023,1000000,0.007959,0.006585,0.019289,15,1.314818e+10,293.8847,24.0,20260802,fba9872e407f,scaling,1,1,32.0,not_requested,2026-09-06T20:52:03Z,0.007995;0.009452;0.008286;0.007840;0.007959;0.007420;0.009380;0.008573;0.006791;0.019289;0.007097;0.007464;0.008310;0.007297;0.006585,cxx,cpp
poisson2d_rich_1023,1046529,jacobi,openmp,20,1,1,none,deterministic,static,fixed,100,0,iteration_cap,5.591322e-02,,1023,1000000,0.006390,0.005495,0.010986,15,1.637822e+10,366.0816,24.0,20260802,fba9872e407f,scaling,1,1,32.0,not_requested,2026-09-06T20:52:03Z,0.008567;0.007060;0.006066;0.006341;0.007885;0.005652;0.010986;0.006613;0.005607;0.006109;0.006820;0.006000;0.006390;0.007619;0.005495,cxx,cpp
poisson2d_rich_1023,1046529,jacobi,openmp,24,1,1,none,deterministic,static,fixed,100,0,iteration_cap,5.591322e-02,,1023,1000000,0.006726,0.005076,0.008750,15,1.555891e+10,347.7687,24.0,20260802,fba9872e407f,scaling,1,1,32.0,not_requested,2026-09-06T20:52:04Z,0.006952;0.006558;0.005076;0.006349;0.005191;0.007589;0.006447;0.007487;0.006726;0.007896;0.007595;0.008750;0.007414;0.005657;0.006334,cxx,cpp
poisson2d_rich_1023,1046529,jacobi,openmp,28,1,1,none,deterministic,static,fixed,100,0,iteration_cap,5.591322e-02,,1023,1000000,0.045979,0.012443,0.810022,15,2.276105e+09,50.8749,24.0,20260802,fba9872e407f,scaling,1,1,32.0,not_requested,2026-09-06T20:52:07Z,0.472383;0.012443;0.014503;0.058274;0.013582;0.043314;0.030475;0.026595;0.810022;0.083547;0.013267;0.052029;0.045979;0.464955;0.202689,cxx,cpp
poisson2d_rich_1023,1046529,jacobi,pthreads,1,1,1,none,deterministic,static,fixed,100,0,iteration_cap,5.591322e-02,,1023,1000000,0.061343,0.058067,0.065075,15,1.706029e+09,38.1327,24.0,20260802,fba9872e407f,scaling,1,1,32.0,not_requested,2026-09-06T20:52:08Z,0.064236;0.065075;0.061343;0.062676;0.059484;0.061569;0.059006;0.061916;0.060884;0.061591;0.059087;0.059515;0.063212;0.058933;0.058067,cxx,cpp
poisson2d_rich_1023,1046529,jacobi,pthreads,2,1,1,none,deterministic,static,fixed,100,0,iteration_cap,5.591322e-02,,1023,1000000,0.033232,0.031538,0.035964,15,3.149181e+09,70.3897,24.0,20260802,fba9872e407f,scaling,1,1,32.0,not_requested,2026-09-06T20:52:09Z,0.034837;0.031538;0.034597;0.032642;0.032960;0.033232;0.034456;0.033053;0.033357;0.032775;0.035964;0.032989;0.032936;0.033526;0.035215,cxx,cpp
poisson2d_rich_1023,1046529,jacobi,pthreads,3,1,1,none,deterministic,static,fixed,100,0,iteration_cap,5.591322e-02,,1023,1000000,0.025328,0.024300,0.027481,15,4.131954e+09,92.3564,24.0,20260802,fba9872e407f,scaling,1,1,32.0,not_requested,2026-09-06T20:52:10Z,0.025328;0.025305;0.024386;0.024300;0.026414;0.025958;0.027481;0.024306;0.025429;0.026178;0.025666;0.024449;0.025464;0.024826;0.024595,cxx,cpp
poisson2d_rich_1023,1046529,jacobi,pthreads,4,1,1,none,deterministic,static,fixed,100,0,iteration_cap,5.591322e-02,,1023,1000000,0.021467,0.020811,0.026962,15,4.875070e+09,108.9663,24.0,20260802,fba9872e407f,scaling,1,1,32.0,not_requested,2026-09-06T20:52:10Z,0.026962;0.020811;0.022320;0.021213;0.021381;0.022329;0.022822;0.021029;0.022237;0.021238;0.021128;0.023268;0.021085;0.021803;0.021467,cxx,cpp
poisson2d_rich_1023,1046529,jacobi,pthreads,5,1,1,none,deterministic,static,fixed,100,0,iteration_cap,5.591322e-02,,1023,1000000,0.023512,0.019862,0.097257,15,4.450981e+09,99.4872,24.0,20260802,fba9872e407f,scaling,1,1,32.0,not_requested,2026-09-06T20:52:11Z,0.034782;0.020847;0.019862;0.032907;0.026945;0.027055;0.031303;0.020494;0.021124;0.097257;0.023512;0.021775;0.020825;0.022067;0.023911,cxx,cpp
poisson2d_rich_1023,1046529,jacobi,pthreads,6,1,1,none,deterministic,static,fixed,100,0,iteration_cap,5.591322e-02,,1023,1000000,0.021965,0.019341,0.028844,15,4.764507e+09,106.4950,24.0,20260802,fba9872e407f,scaling,1,1,32.0,not_requested,2026-09-06T20:52:11Z,0.028844;0.024834;0.023148;0.023325;0.020215;0.024292;0.020114;0.019341;0.020197;0.021802;0.021329;0.021965;0.019424;0.027521;0.024712,cxx,cpp
poisson2d_rich_1023,1046529,jacobi,pthreads,7,1,1,none,deterministic,static,fixed,100,0,iteration_cap,5.591322e-02,,1023,1000000,0.023197,0.019106,0.033939,15,4.511447e+09,100.8387,24.0,20260802,fba9872e407f,scaling,1,1,32.0,not_requested,2026-09-06T20:52:12Z,0.024649;0.020212;0.033939;0.023407;0.023197;0.024065;0.026253;0.025647;0.020179;0.020067;0.021170;0.021324;0.023747;0.019106;0.021171,cxx,cpp
poisson2d_rich_1023,1046529,jacobi,pthreads,8,1,1,none,deterministic,static,fixed,100,0,iteration_cap,5.591322e-02,,1023,1000000,0.030372,0.024173,0.076966,15,3.445710e+09,77.0176,24.0,20260802,fba9872e407f,scaling,1,1,32.0,not_requested,2026-09-06T20:52:13Z,0.024173;0.025429;0.030372;0.036837;0.037507;0.033908;0.032667;0.029803;0.030581;0.027731;0.027735;0.027789;0.076966;0.032063;0.026724,cxx,cpp
poisson2d_rich_1023,1046529,jacobi,pthreads,9,1,1,none,deterministic,static,fixed,100,0,iteration_cap,5.591322e-02,,1023,1000000,0.027995,0.022664,0.029997,15,3.738245e+09,83.5563,24.0,20260802,fba9872e407f,scaling,1,1,32.0,not_requested,2026-09-06T20:52:13Z,0.023651;0.023618;0.023165;0.023176;0.022664;0.026141;0.029694;0.029997;0.028553;0.029740;0.029384;0.027519;0.027995;0.029123;0.029581,cxx,cpp
poisson2d_rich_1023,1046529,jacobi,pthreads,10,1,1,none,deterministic,static,fixed,100,0,iteration_cap,5.591322e-02,,1023,1000000,0.029626,0.028364,0.051521,15,3.532419e+09,78.9557,24.0,20260802,fba9872e407f,scaling,1,1,32.0,not_requested,2026-09-06T20:52:14Z,0.051521;0.031033;0.029858;0.028855;0.029021;0.028639;0.030375;0.029459;0.030356;0.030289;0.028364;0.029200;0.028375;0.029626;0.029736,cxx,cpp
poisson2d_rich_1023,1046529,jacobi,pthreads,11,1,1,none,deterministic,static,fixed,100,0,iteration_cap,5.591322e-02,,1023,1000000,0.028400,0.027338,0.081808,15,3.684952e+09,82.3651,24.0,20260802,fba9872e407f,scaling,1,1,32.0,not_requested,2026-09-06T20:52:15Z,0.028199;0.081808;0.034001;0.029258;0.027929;0.027515;0.028215;0.028559;0.028400;0.028193;0.029180;0.027338;0.028495;0.027787;0.028421,cxx,cpp
poisson2d_rich_1023,1046529,jacobi,pthreads,12,1,1,none,deterministic,static,fixed,100,0,iteration_cap,5.591322e-02,,1023,1000000,0.029833,0.026916,0.078129,15,3.508007e+09,78.4101,24.0,20260802,fba9872e407f,scaling,1,1,32.0,not_requested,2026-09-06T20:52:16Z,0.029833;0.031059;0.031168;0.030233;0.031417;0.032032;0.029625;0.029339;0.078129;0.048101;0.028858;0.028718;0.028306;0.026916;0.027470,cxx,cpp
poisson2d_rich_1023,1046529,jacobi,pthreads,13,1,1,none,deterministic,static,fixed,100,0,iteration_cap,5.591322e-02,,1023,1000000,0.028442,0.026132,0.030180,15,3.679502e+09,82.2433,24.0,20260802,fba9872e407f,scaling,1,1,32.0,not_requested,2026-09-06T20:52:16Z,0.028536;0.026132;0.026757;0.028047;0.028524;0.028064;0.028384;0.028694;0.028442;0.028734;0.028119;0.027329;0.028669;0.030180;0.029801,cxx,cpp
poisson2d_rich_1023,1046529,jacobi,pthreads,14,1,1,none,deterministic,static,fixed,100,0,iteration_cap,5.591322e-02,,1023,1000000,0.030604,0.029966,0.033961,15,3.419593e+09,76.4339,24.0,20260802,fba9872e407f,scaling,1,1,32.0,not_requested,2026-09-06T20:52:17Z,0.030840;0.030295;0.030310;0.031124;0.031169;0.030604;0.030372;0.033961;0.030569;0.031159;0.031154;0.030050;0.030713;0.029966;0.030292,cxx,cpp
poisson2d_rich_1023,1046529,jacobi,pthreads,15,1,1,none,deterministic,static,fixed,100,0,iteration_cap,5.591322e-02,,1023,1000000,0.032302,0.029717,0.097169,15,3.239809e+09,72.4154,24.0,20260802,fba9872e407f,scaling,1,1,32.0,not_requested,2026-09-06T20:52:18Z,0.035745;0.036707;0.035554;0.032923;0.031254;0.097169;0.032625;0.032782;0.031915;0.029941;0.030970;0.032302;0.029934;0.030293;0.029717,cxx,cpp
poisson2d_rich_1023,1046529,jacobi,pthreads,16,1,1,none,deterministic,static,fixed,100,0,iteration_cap,5.591322e-02,,1023,1000000,0.032475,0.030374,0.035222,15,3.222555e+09,72.0297,24.0,20260802,fba9872e407f,scaling,1,1,32.0,not_requested,2026-09-06T20:52:19Z,0.030374;0.031677;0.033020;0.033274;0.030757;0.030715;0.033938;0.035222;0.032957;0.032475;0.033836;0.032351;0.030908;0.032675;0.032332,cxx,cpp
poisson2d_rich_1023,1046529,jacobi,pthreads,17,1,1,none,deterministic,static,fixed,100,0,iteration_cap,5.591322e-02,,1023,1000000,0.032833,0.031218,0.035513,15,3.187444e+09,71.2449,24.0,20260802,fba9872e407f,scaling,1,1,32.0,not_requested,2026-09-06T20:52:19Z,0.034541;0.031717;0.031218;0.032533;0.034077;0.032833;0.033644;0.032160;0.032854;0.034000;0.033107;0.032556;0.031840;0.031742;0.035513,cxx,cpp
poisson2d_rich_1023,1046529,jacobi,pthreads,18,1,1,none,deterministic,static,fixed,100,0,iteration_cap,5.591322e-02,,1023,1000000,0.035050,0.033883,0.036879,15,2.985852e+09,66.7390,24.0,20260802,fba9872e407f,scaling,1,1,32.0,not_requested,2026-09-06T20:52:20Z,0.036784;0.035856;0.035210;0.036879;0.035050;0.036437;0.036255;0.035078;0.034835;0.034116;0.034159;0.034268;0.033883;0.034465;0.033960,cxx,cpp
poisson2d_rich_1023,1046529,jacobi,pthreads,19,1,1,none,deterministic,static,fixed,100,0,iteration_cap,5.591322e-02,,1023,1000000,0.042486,0.033828,0.122331,15,2.463224e+09,55.0573,24.0,20260802,fba9872e407f,scaling,1,1,32.0,not_requested,2026-09-06T20:52:21Z,0.033828;0.034192;0.036706;0.033881;0.122331;0.077848;0.047737;0.049441;0.048637;0.049071;0.051381;0.042486;0.038360;0.035353;0.034714,cxx,cpp
poisson2d_rich_1023,1046529,jacobi,pthreads,20,1,1,none,deterministic,static,fixed,100,0,iteration_cap,5.591322e-02,,1023,1000000,0.100275,0.049835,0.219847,15,1.043657e+09,23.3276,24.0,20260802,fba9872e407f,scaling,1,1,32.0,not_requested,2026-09-06T20:52:23Z,0.097706;0.058837;0.125283;0.110462;0.056949;0.100275;0.219847;0.134737;0.052416;0.092807;0.119066;0.076426;0.049835;0.162716;0.143935,cxx,cpp
poisson2d_rich_1023,1046529,jacobi,pthreads,24,1,1,none,deterministic,static,fixed,100,0,iteration_cap,5.591322e-02,,1023,1000000,0.054956,0.042183,0.085218,15,1.904293e+09,42.5643,24.0,20260802,fba9872e407f,scaling,1,1,32.0,not_requested,2026-09-06T20:52:24Z,0.053794;0.055813;0.047942;0.042311;0.042183;0.044292;0.071071;0.085218;0.060314;0.062462;0.058893;0.054956;0.055762;0.044190;0.042556,cxx,cpp
poisson2d_rich_1023,1046529,jacobi,pthreads,28,1,1,none,deterministic,static,fixed,100,0,iteration_cap,5.591322e-02,,1023,1000000,0.076303,0.045380,0.246205,15,1.371542e+09,30.6563,24.0,20260802,fba9872e407f,scaling,1,1,32.0,not_requested,2026-09-06T20:52:26Z,0.246205;0.241638;0.154572;0.118106;0.199195;0.170163;0.135242;0.071131;0.076303;0.068768;0.051051;0.048246;0.045669;0.045380;0.046962,cxx,cpp
poisson2d_rich_1023,1046529,jacobi,jthread,1,1,1,none,deterministic,static,fixed,100,0,iteration_cap,5.591322e-02,,1023,1000000,0.073745,0.061098,0.152466,15,1.419117e+09,31.7197,24.0,20260802,fba9872e407f,scaling,1,1,32.0,not_requested,2026-09-06T20:52:28Z,0.061098;0.062905;0.068966;0.066157;0.078121;0.073065;0.069485;0.076592;0.086636;0.065593;0.110545;0.118343;0.152466;0.129772;0.073745,cxx,cpp
poisson2d_rich_1023,1046529,jacobi,jthread,2,1,1,none,deterministic,static,fixed,100,0,iteration_cap,5.591322e-02,,1023,1000000,0.039789,0.033700,0.080332,15,2.630200e+09,58.7896,24.0,20260802,fba9872e407f,scaling,1,1,32.0,not_requested,2026-09-06T20:52:29Z,0.075180;0.080332;0.072975;0.041240;0.039789;0.038342;0.042392;0.037324;0.040065;0.033700;0.036510;0.034902;0.034097;0.036136;0.051204,cxx,cpp
poisson2d_rich_1023,1046529,jacobi,jthread,3,1,1,none,deterministic,static,fixed,100,0,iteration_cap,5.591322e-02,,1023,1000000,0.054694,0.026695,0.308734,15,1.913416e+09,42.7682,24.0,20260802,fba9872e407f,scaling,1,1,32.0,not_requested,2026-09-06T20:52:30Z,0.027737;0.035815;0.030615;0.027062;0.027056;0.026695;0.119932;0.103382;0.062149;0.036825;0.225947;0.054694;0.308734;0.059893;0.135980,cxx,cpp
poisson2d_rich_1023,1046529,jacobi,jthread,4,1,1,none,deterministic,static,fixed,100,0,iteration_cap,5.591322e-02,,1023,1000000,0.118953,0.071744,0.172340,15,8.797857e+08,19.6647,24.0,20260802,fba9872e407f,scaling,1,1,32.0,not_requested,2026-09-06T20:52:33Z,0.129983;0.140441;0.118953;0.154365;0.071744;0.097691;0.087376;0.122871;0.099219;0.096894;0.085514;0.158678;0.140680;0.172340;0.099127,cxx,cpp
poisson2d_rich_1023,1046529,jacobi,jthread,5,1,1,none,deterministic,static,fixed,100,0,iteration_cap,5.591322e-02,,1023,1000000,0.081435,0.038823,0.220433,15,1.285108e+09,28.7244,24.0,20260802,fba9872e407f,scaling,1,1,32.0,not_requested,2026-09-06T20:52:34Z,0.220433;0.091601;0.088758;0.067804;0.081435;0.056246;0.083280;0.083725;0.086613;0.108253;0.039069;0.039688;0.039407;0.039176;0.038823,cxx,cpp
poisson2d_rich_1023,1046529,jacobi,jthread,6,1,1,none,deterministic,static,fixed,100,0,iteration_cap,5.591322e-02,,1023,1000000,0.041550,0.019565,0.076405,15,2.518696e+09,56.2972,24.0,20260802,fba9872e407f,scaling,1,1,32.0,not_requested,2026-09-06T20:52:35Z,0.071128;0.076405;0.046076;0.049219;0.044556;0.047538;0.044104;0.041550;0.031748;0.020470;0.022881;0.020344;0.020938;0.021974;0.019565,cxx,cpp
poisson2d_rich_1023,1046529,jacobi,jthread,7,1,1,none,deterministic,static,fixed,100,0,iteration_cap,5.591322e-02,,1023,1000000,0.097151,0.039959,0.419767,15,1.077215e+09,24.0776,24.0,20260802,fba9872e407f,scaling,1,1,32.0,not_requested,2026-09-06T20:52:37Z,0.103447;0.040351;0.118332;0.172507;0.039959;0.419767;0.098467;0.042096;0.041579;0.265905;0.042637;0.042683;0.400353;0.097151;0.040816,cxx,cpp
poisson2d_rich_1023,1046529,jacobi,jthread,8,1,1,none,deterministic,static,fixed,100,0,iteration_cap,5.591322e-02,,1023,1000000,0.033970,0.027540,0.065801,15,3.080732e+09,68.8597,24.0,20260802,fba9872e407f,scaling,1,1,32.0,not_requested,2026-09-06T20:52:38Z,0.030697;0.057422;0.050079;0.065801;0.049799;0.050219;0.033968;0.030359;0.033298;0.032438;0.039431;0.033970;0.027540;0.031887;0.056432,cxx,cpp
poisson2d_rich_1023,1046529,jacobi,jthread,9,1,1,none,deterministic,static,fixed,100,0,iteration_cap,5.591322e-02,,1023,1000000,0.040555,0.033484,0.069590,15,2.580519e+09,57.6791,24.0,20260802,fba9872e407f,scaling,1,1,32.0,not_requested,2026-09-06T20:52:39Z,0.034417;0.045334;0.036321;0.040555;0.035571;0.033942;0.069590;0.062636;0.061966;0.061613;0.065150;0.036403;0.040544;0.033484;0.043123,cxx,cpp
poisson2d_rich_1023,1046529,jacobi,jthread,10,1,1,none,deterministic,static,fixed,100,0,iteration_cap,5.591322e-02,,1023,1000000,0.037478,0.034392,0.073098,15,2.792366e+09,62.4143,24.0,20260802,fba9872e407f,scaling,1,1,32.0,not_requested,2026-09-06T20:52:40Z,0.036447;0.036646;0.043493;0.063299;0.073098;0.048067;0.035241;0.037478;0.035079;0.034392;0.069882;0.063208;0.072521;0.035085;0.035018,cxx,cpp
poisson2d_rich_1023,1046529,jacobi,jthread,11,1,1,none,deterministic,static,fixed,100,0,iteration_cap,5.591322e-02,,1023,1000000,0.039026,0.034931,0.091731,15,2.681600e+09,59.9384,24.0,20260802,fba9872e407f,scaling,1,1,32.0,not_requested,2026-09-06T20:52:41Z,0.036260;0.037313;0.034931;0.081850;0.081997;0.066238;0.038531;0.040698;0.039026;0.063171;0.089811;0.091731;0.036835;0.037254;0.038378,cxx,cpp
poisson2d_rich_1023,1046529,jacobi,jthread,12,1,1,none,deterministic,static,fixed,100,0,iteration_cap,5.591322e-02,,1023,1000000,0.038990,0.035788,0.051429,15,2.684098e+09,59.9943,24.0,20260802,fba9872e407f,scaling,1,1,32.0,not_requested,2026-09-06T20:52:42Z,0.036579;0.043530;0.042452;0.048789;0.036251;0.039789;0.036430;0.035788;0.045920;0.048212;0.051429;0.036007;0.036952;0.038990;0.035915,cxx,cpp
poisson2d_rich_1023,1046529,jacobi,jthread,13,1,1,none,deterministic,static,fixed,100,0,iteration_cap,5.591322e-02,,1023,1000000,0.040580,0.034125,0.080485,15,2.578939e+09,57.6438,24.0,20260802,fba9872e407f,scaling,1,1,32.0,not_requested,2026-09-06T20:52:43Z,0.034125;0.038445;0.080485;0.059890;0.065448;0.043900;0.042193;0.037914;0.036705;0.068681;0.040580;0.042344;0.037513;0.036467;0.038277,cxx,cpp
poisson2d_rich_1023,1046529,jacobi,jthread,14,1,1,none,deterministic,static,fixed,100,0,iteration_cap,5.591322e-02,,1023,1000000,0.047923,0.036869,0.085557,15,2.183769e+09,48.8110,24.0,20260802,fba9872e407f,scaling,1,1,32.0,not_requested,2026-09-06T20:52:44Z,0.056285;0.079068;0.053672;0.038015;0.036869;0.037414;0.039201;0.073794;0.085557;0.041353;0.047923;0.043672;0.053633;0.047999;0.037983,cxx,cpp
poisson2d_rich_1023,1046529,jacobi,jthread,15,1,1,none,deterministic,static,fixed,100,0,iteration_cap,5.591322e-02,,1023,1000000,0.048310,0.037930,0.096242,15,2.166284e+09,48.4202,24.0,20260802,fba9872e407f,scaling,1,1,32.0,not_requested,2026-09-06T20:52:45Z,0.038455;0.045341;0.045078;0.048310;0.050855;0.039114;0.076495;0.096242;0.058882;0.064818;0.037930;0.048530;0.044786;0.052267;0.047724,cxx,cpp
poisson2d_rich_1023,1046529,jacobi,jthread,16,1,1,none,deterministic,static,fixed,100,0,iteration_cap,5.591322e-02,,1023,1000000,0.035438,0.031341,0.125051,15,2.953150e+09,66.0081,24.0,20260802,fba9872e407f,scaling,1,1,32.0,not_requested,2026-09-06T20:52:46Z,0.043279;0.044430;0.040345;0.125051;0.038538;0.036119;0.033369;0.031341;0.035438;0.033694;0.034265;0.038017;0.035438;0.033305;0.035324,cxx,cpp
poisson2d_rich_1023,1046529,jacobi,jthread,17,1,1,none,deterministic,static,fixed,100,0,iteration_cap,5.591322e-02,,1023,1000000,0.037932,0.030518,0.051544,15,2.758992e+09,61.6683,24.0,20260802,fba9872e407f,scaling,1,1,32.0,not_requested,2026-09-06T20:52:47Z,0.030518;0.035716;0.035479;0.040813;0.037639;0.037932;0.038002;0.034911;0.036347;0.040821;0.042171;0.039995;0.035917;0.051544;0.041654,cxx,cpp
poisson2d_rich_1023,1046529,jacobi,jthread,18,1,1,none,deterministic,static,fixed,100,0,iteration_cap,5.591322e-02,,1023,1000000,0.039932,0.036967,0.054204,15,2.620797e+09,58.5794,24.0,20260802,fba9872e407f,scaling,1,1,32.0,not_requested,2026-09-06T20:52:48Z,0.039209;0.046389;0.041525;0.039221;0.036967;0.039562;0.039768;0.041168;0.040945;0.039747;0.039932;0.044588;0.048131;0.054204;0.038842,cxx,cpp
poisson2d_rich_1023,1046529,jacobi,jthread,19,1,1,none,deterministic,static,fixed,100,0,iteration_cap,5.591322e-02,,1023,1000000,0.039380,0.034617,0.050125,15,2.657484e+09,59.3994,24.0,20260802,fba9872e407f,scaling,1,1,32.0,not_requested,2026-09-06T20:52:49Z,0.034617;0.039380;0.041164;0.038370;0.046627;0.050125;0.043291;0.036062;0.039256;0.041147;0.040538;0.039353;0.036404;0.039450;0.036571,cxx,cpp
poisson2d_rich_1023,1046529,jacobi,jthread,20,1,1,none,deterministic,static,fixed,100,0,iteration_cap,5.591322e-02,,1023,1000000,0.040003,0.036483,0.044587,15,2.616131e+09,58.4751,24.0,20260802,fba9872e407f,scaling,1,1,32.0,not_requested,2026-09-06T20:52:50Z,0.037832;0.036483;0.038337;0.040003;0.038794;0.044587;0.038723;0.038128;0.042979;0.044128;0.042836;0.040209;0.041358;0.039987;0.042942,cxx,cpp
poisson2d_rich_1023,1046529,jacobi,jthread,24,1,1,none,deterministic,static,fixed,100,0,iteration_cap,5.591322e-02,,1023,1000000,0.045202,0.039828,0.050607,15,2.315237e+09,51.7496,24.0,20260802,fba9872e407f,scaling,1,1,32.0,not_requested,2026-09-06T20:52:51Z,0.046819;0.040924;0.039828;0.041125;0.042675;0.046525;0.050291;0.044973;0.045202;0.042337;0.050607;0.049885;0.049722;0.045366;0.042640,cxx,cpp
poisson2d_rich_1023,1046529,jacobi,jthread,28,1,1,none,deterministic,static,fixed,100,0,iteration_cap,5.591322e-02,,1023,1000000,0.048136,0.045505,0.060988,15,2.174113e+09,48.5952,24.0,20260802,fba9872e407f,scaling,1,1,32.0,not_requested,2026-09-06T20:52:52Z,0.060002;0.045889;0.047138;0.046095;0.047444;0.045950;0.046062;0.048136;0.048455;0.050950;0.049245;0.058224;0.053629;0.045505;0.060988,cxx,cpp
poisson2d_rich_1023,1046529,jacobi,openmp,4,1,1,none,deterministic,static,fixed,100,0,iteration_cap,5.591322e-02,,1023,1000000,0.015681,0.013157,0.032045,15,6.673960e+09,149.1746,24.0,20260802,fba9872e407f,pinning,1,1,32.0,not_requested,2026-09-06T20:52:52Z,0.015681;0.032045;0.028824;0.022509;0.016059;0.015163;0.016746;0.025339;0.014249;0.014562;0.013870;0.013682;0.013763;0.013157;0.025396,cxx,cpp
poisson2d_rich_1023,1046529,jacobi,openmp,4,1,1,compact,deterministic,static,fixed,100,0,iteration_cap,5.591322e-02,,1023,1000000,0.015222,0.014183,0.036516,15,6.875075e+09,153.6699,24.0,20260802,fba9872e407f,pinning,1,1,32.0,bound,2026-09-06T20:52:53Z,0.017896;0.015222;0.015442;0.014695;0.036516;0.020946;0.016148;0.014621;0.014453;0.014183;0.033511;0.026595;0.014685;0.014691;0.014959,cxx,cpp
poisson2d_rich_1023,1046529,jacobi,openmp,4,1,1,scatter,deterministic,static,fixed,100,0,iteration_cap,5.591322e-02,,1023,1000000,0.015466,0.013736,0.024649,15,6.766789e+09,151.2495,24.0,20260802,fba9872e407f,pinning,1,1,32.0,bound,2026-09-06T20:52:53Z,0.024649;0.019466;0.015254;0.015889;0.017623;0.017920;0.016088;0.014089;0.014174;0.013736;0.015228;0.014154;0.015264;0.018033;0.015466,cxx,cpp
poisson2d_rich_1023,1046529,jacobi,openmp,8,1,1,none,deterministic,static,fixed,100,0,iteration_cap,5.591322e-02,,1023,1000000,0.009004,0.007091,0.014265,15,1.162288e+10,259.7916,24.0,20260802,fba9872e407f,pinning,1,1,32.0,not_requested,2026-09-06T20:52:54Z,0.009539;0.008758;0.010613;0.011745;0.014265;0.009890;0.008364;0.010276;0.007579;0.009475;0.009004;0.007091;0.008725;0.008613;0.007892,cxx,cpp
poisson2d_rich_1023,1046529,jacobi,openmp,8,1,1,compact,deterministic,static,fixed,100,0,iteration_cap,5.591322e-02,,1023,1000000,0.014218,0.008043,0.016286,15,7.360369e+09,164.5171,24.0,20260802,fba9872e407f,pinning,1,1,32.0,bound,2026-09-06T20:52:54Z,0.008043;0.012722;0.014245;0.009101;0.014218;0.014069;0.015394;0.015218;0.012764;0.012549;0.014631;0.016286;0.014922;0.015452;0.013692,cxx,cpp
poisson2d_rich_1023,1046529,jacobi,openmp,8,1,1,scatter,deterministic,static,fixed,100,0,iteration_cap,5.591322e-02,,1023,1000000,0.010204,0.007921,0.013810,15,1.025632e+10,229.2467,24.0,20260802,fba9872e407f,pinning,1,1,32.0,bound,2026-09-06T20:52:54Z,0.010537;0.009713;0.013766;0.013810;0.013057;0.009948;0.010919;0.013779;0.012807;0.008640;0.010204;0.009752;0.008442;0.008399;0.007921,cxx,cpp
poisson2d_rich_1023,1046529,jacobi,openmp,16,1,1,none,deterministic,static,fixed,100,0,iteration_cap,5.591322e-02,,1023,1000000,0.008211,0.006456,0.014362,15,1.274490e+10,284.8708,24.0,20260802,fba9872e407f,pinning,1,1,32.0,not_requested,2026-09-06T20:52:55Z,0.011644;0.008434;0.008885;0.008211;0.007083;0.006456;0.007222;0.007984;0.008414;0.013577;0.010433;0.014362;0.006998;0.007115;0.006476,cxx,cpp
poisson2d_rich_1023,1046529,jacobi,openmp,16,1,1,compact,deterministic,static,fixed,100,0,iteration_cap,5.591322e-02,,1023,1000000,0.007126,0.006551,0.010738,15,1.468507e+10,328.2370,24.0,20260802,fba9872e407f,pinning,1,1,32.0,bound,2026-09-06T20:52:55Z,0.007107;0.008539;0.007244;0.007636;0.006971;0.006646;0.006621;0.007126;0.008310;0.010738;0.006871;0.007190;0.006847;0.007648;0.006551,cxx,cpp
poisson2d_rich_1023,1046529,jacobi,openmp,16,1,1,scatter,deterministic,static,fixed,100,0,iteration_cap,5.591322e-02,,1023,1000000,0.838914,0.838370,0.846813,15,1.247480e+08,2.7883,24.0,20260802,fba9872e407f,pinning,1,1,32.0,bound,2026-09-06T20:53:09Z,0.841248;0.838814;0.842729;0.838744;0.839049;0.842075;0.843075;0.841725;0.838877;0.846813;0.838370;0.838815;0.838914;0.838585;0.838420,cxx,cpp
poisson2d_rich_1023,1046529,jacobi,openmp,20,1,1,none,deterministic,static,fixed,100,0,iteration_cap,5.591322e-02,,1023,1000000,0.006548,0.005152,0.009679,15,1.598260e+10,357.2390,24.0,20260802,fba9872e407f,pinning,1,1,32.0,not_requested,2026-09-06T20:53:09Z,0.005152;0.007176;0.006556;0.008297;0.009679;0.007463;0.006370;0.006548;0.005864;0.005754;0.006407;0.006466;0.007579;0.005701;0.007629,cxx,cpp
poisson2d_rich_1023,1046529,jacobi,openmp,20,1,1,compact,deterministic,static,fixed,100,0,iteration_cap,5.591322e-02,,1023,1000000,0.006222,0.005178,0.007756,15,1.682092e+10,375.9769,24.0,20260802,fba9872e407f,pinning,1,1,32.0,bound,2026-09-06T20:53:09Z,0.006222;0.006326;0.007756;0.006900;0.006404;0.005178;0.006079;0.005565;0.005575;0.005672;0.005820;0.007264;0.007262;0.005862;0.006238,cxx,cpp
poisson2d_rich_1023,1046529,jacobi,openmp,20,1,1,scatter,deterministic,static,fixed,100,0,iteration_cap,5.591322e-02,,1023,1000000,0.850978,0.838970,0.894077,15,1.229795e+08,2.7488,24.0,20260802,fba9872e407f,pinning,1,1,32.0,bound,2026-09-06T20:53:23Z,0.842768;0.865850;0.870594;0.866225;0.861838;0.858381;0.894077;0.838970;0.842514;0.850978;0.842653;0.851042;0.847064;0.842461;0.842793,cxx,cpp
poisson2d_rich_1023,1046529,jacobi,pthreads,4,1,1,none,deterministic,static,fixed,100,0,iteration_cap,5.591322e-02,,1023,1000000,0.022530,0.020623,0.024441,15,4.645060e+09,103.8252,24.0,20260802,fba9872e407f,pinning,1,1,32.0,not_requested,2026-09-06T20:53:24Z,0.021981;0.021309;0.022530;0.022684;0.020623;0.023634;0.022779;0.022931;0.024441;0.021429;0.023053;0.022961;0.021247;0.022036;0.021793,cxx,cpp
poisson2d_rich_1023,1046529,jacobi,pthreads,4,1,1,compact,deterministic,static,fixed,100,0,iteration_cap,5.591322e-02,,1023,1000000,0.022051,0.021573,0.024753,15,4.746032e+09,106.0821,24.0,20260802,fba9872e407f,pinning,1,1,32.0,bound,2026-09-06T20:53:24Z,0.023592;0.023782;0.021613;0.022749;0.021573;0.022935;0.022029;0.021982;0.021677;0.021645;0.022051;0.022377;0.021914;0.024753;0.022467,cxx,cpp
poisson2d_rich_1023,1046529,jacobi,pthreads,4,1,1,scatter,deterministic,static,fixed,100,0,iteration_cap,5.591322e-02,,1023,1000000,0.021693,0.020460,0.023995,15,4.824278e+09,107.8310,24.0,20260802,fba9872e407f,pinning,1,1,32.0,bound,2026-09-06T20:53:25Z,0.023746;0.021705;0.022152;0.022856;0.020460;0.020958;0.022230;0.023995;0.021593;0.021693;0.022336;0.021355;0.020774;0.020641;0.020636,cxx,cpp
poisson2d_rich_1023,1046529,jacobi,pthreads,8,1,1,none,deterministic,static,fixed,100,0,iteration_cap,5.591322e-02,,1023,1000000,0.029853,0.022628,0.030629,15,3.505602e+09,78.3563,24.0,20260802,fba9872e407f,pinning,1,1,32.0,not_requested,2026-09-06T20:53:26Z,0.027852;0.022628;0.028391;0.026275;0.028170;0.029482;0.030538;0.029857;0.030629;0.030252;0.030391;0.030329;0.029853;0.029363;0.030290,cxx,cpp
poisson2d_rich_1023,1046529,jacobi,pthreads,8,1,1,compact,deterministic,static,fixed,100,0,iteration_cap,5.591322e-02,,1023,1000000,0.028978,0.026717,0.030388,15,3.611492e+09,80.7231,24.0,20260802,fba9872e407f,pinning,1,1,32.0,bound,2026-09-06T20:53:26Z,0.028338;0.028867;0.030008;0.029943;0.028663;0.028978;0.026717;0.027707;0.028389;0.029027;0.029307;0.029411;0.028726;0.029140;0.030388,cxx,cpp
poisson2d_rich_1023,1046529,jacobi,pthreads,8,1,1,scatter,deterministic,static,fixed,100,0,iteration_cap,5.591322e-02,,1023,1000000,0.027560,0.022313,0.028484,15,3.797262e+09,84.8754,24.0,20260802,fba9872e407f,pinning,1,1,32.0,bound,2026-09-06T20:53:27Z,0.023411;0.022313;0.023033;0.026707;0.027130;0.027560;0.028219;0.027666;0.027989;0.028317;0.028210;0.027798;0.027481;0.026965;0.028484,cxx,cpp
poisson2d_rich_1023,1046529,jacobi,pthreads,16,1,1,none,deterministic,static,fixed,100,0,iteration_cap,5.591322e-02,,1023,1000000,0.033273,0.030303,0.038031,15,3.145286e+09,70.3026,24.0,20260802,fba9872e407f,pinning,1,1,32.0,not_requested,2026-09-06T20:53:28Z,0.031152;0.030303;0.030859;0.031982;0.032134;0.034240;0.033273;0.034265;0.032451;0.032407;0.035468;0.036096;0.036922;0.038031;0.036025,cxx,cpp
poisson2d_rich_1023,1046529,jacobi,pthreads,16,1,1,compact,deterministic,static,fixed,100,0,iteration_cap,5.591322e-02,,1023,1000000,0.031682,0.030871,0.035158,15,3.303223e+09,73.8328,24.0,20260802,fba9872e407f,pinning,1,1,32.0,bound,2026-09-06T20:53:28Z,0.032110;0.031604;0.030871;0.031424;0.031845;0.031352;0.031682;0.031553;0.032135;0.031046;0.032573;0.031568;0.033091;0.035158;0.033949,cxx,cpp
poisson2d_rich_1023,1046529,jacobi,pthreads,16,1,1,scatter,deterministic,static,fixed,100,0,iteration_cap,5.591322e-02,,1023,1000000,0.032319,0.031477,0.034554,15,3.238155e+09,72.3784,24.0,20260802,fba9872e407f,pinning,1,1,32.0,bound,2026-09-06T20:53:29Z,0.032200;0.031913;0.032629;0.034161;0.032851;0.031477;0.032090;0.031989;0.032240;0.032798;0.032319;0.032639;0.032158;0.033041;0.034554,cxx,cpp
poisson2d_rich_1023,1046529,jacobi,pthreads,20,1,1,none,deterministic,static,fixed,100,0,iteration_cap,5.591322e-02,,1023,1000000,0.038483,0.036342,0.041771,15,2.719479e+09,60.7851,24.0,20260802,fba9872e407f,pinning,1,1,32.0,not_requested,2026-09-06T20:53:30Z,0.038652;0.041771;0.036512;0.037153;0.037169;0.036342;0.040100;0.038988;0.036550;0.038068;0.038736;0.038417;0.038791;0.038545;0.038483,cxx,cpp
poisson2d_rich_1023,1046529,jacobi,pthreads,20,1,1,compact,deterministic,static,fixed,100,0,iteration_cap,5.591322e-02,,1023,1000000,0.037211,0.034403,0.040688,15,2.812421e+09,62.8625,24.0,20260802,fba9872e407f,pinning,1,1,32.0,bound,2026-09-06T20:53:31Z,0.035564;0.034838;0.034403;0.036038;0.040688;0.037040;0.037211;0.038133;0.037093;0.036815;0.037400;0.037794;0.038611;0.038845;0.039196,cxx,cpp
poisson2d_rich_1023,1046529,jacobi,pthreads,20,1,1,scatter,deterministic,static,fixed,100,0,iteration_cap,5.591322e-02,,1023,1000000,0.036997,0.033842,0.043509,15,2.828667e+09,63.2256,24.0,20260802,fba9872e407f,pinning,1,1,32.0,bound,2026-09-06T20:53:32Z,0.034046;0.033842;0.036446;0.036300;0.037765;0.038376;0.034962;0.043509;0.042353;0.040144;0.036914;0.036452;0.037154;0.038448;0.036997,cxx,cpp
poisson2d_rich_1023,1046529,jacobi,jthread,4,1,1,none,deterministic,static,fixed,100,0,iteration_cap,5.591322e-02,,1023,1000000,0.022412,0.021493,0.024717,15,4.669428e+09,104.3699,24.0,20260802,fba9872e407f,pinning,1,1,32.0,not_requested,2026-09-06T20:53:32Z,0.022053;0.021635;0.021893;0.024717;0.022358;0.022862;0.022412;0.021998;0.023136;0.021493;0.022725;0.023932;0.022404;0.022650;0.022962,cxx,cpp
poisson2d_rich_1023,1046529,jacobi,jthread,4,1,1,compact,deterministic,static,fixed,100,0,iteration_cap,5.591322e-02,,1023,1000000,0.022634,0.021107,0.024238,15,4.623769e+09,103.3493,24.0,20260802,fba9872e407f,pinning,1,1,32.0,bound,2026-09-06T20:53:33Z,0.021107;0.022325;0.022725;0.023594;0.023193;0.023550;0.023965;0.022634;0.021782;0.022930;0.022429;0.024238;0.022122;0.022445;0.021662,cxx,cpp
poisson2d_rich_1023,1046529,jacobi,jthread,4,1,1,scatter,deterministic,static,fixed,100,0,iteration_cap,5.591322e-02,,1023,1000000,0.022708,0.020655,0.026338,15,4.608571e+09,103.0096,24.0,20260802,fba9872e407f,pinning,1,1,32.0,bound,2026-09-06T20:53:33Z,0.023651;0.022021;0.022022;0.022708;0.023897;0.022597;0.022779;0.020655;0.023139;0.021420;0.021255;0.023063;0.022954;0.026338;0.021427,cxx,cpp
poisson2d_rich_1023,1046529,jacobi,jthread,8,1,1,none,deterministic,static,fixed,100,0,iteration_cap,5.591322e-02,,1023,1000000,0.029619,0.024807,0.033630,15,3.533343e+09,78.9764,24.0,20260802,fba9872e407f,pinning,1,1,32.0,not_requested,2026-09-06T20:53:34Z,0.024807;0.025377;0.027510;0.029318;0.032875;0.033630;0.030206;0.029619;0.025030;0.032073;0.032679;0.031884;0.031184;0.029367;0.027940,cxx,cpp
poisson2d_rich_1023,1046529,jacobi,jthread,8,1,1,compact,deterministic,static,fixed,100,0,iteration_cap,5.591322e-02,,1023,1000000,0.027640,0.024221,0.032109,15,3.786295e+09,84.6303,24.0,20260802,fba9872e407f,pinning,1,1,32.0,bound,2026-09-06T20:53:35Z,0.027451;0.024975;0.024221;0.026415;0.024224;0.032109;0.027824;0.031720;0.027640;0.027658;0.028973;0.027208;0.027480;0.031715;0.029707,cxx,cpp
poisson2d_rich_1023,1046529,jacobi,jthread,8,1,1,scatter,deterministic,static,fixed,100,0,iteration_cap,5.591322e-02,,1023,1000000,0.027412,0.023614,0.033409,15,3.817820e+09,85.3349,24.0,20260802,fba9872e407f,pinning,1,1,32.0,bound,2026-09-06T20:53:35Z,0.025891;0.023614;0.026650;0.027010;0.026553;0.033067;0.029009;0.025228;0.027412;0.027531;0.032217;0.033409;0.031236;0.028566;0.025035,cxx,cpp
poisson2d_rich_1023,1046529,jacobi,jthread,16,1,1,none,deterministic,static,fixed,100,0,iteration_cap,5.591322e-02,,1023,1000000,0.036548,0.034350,0.040907,15,2.863452e+09,64.0031,24.0,20260802,fba9872e407f,pinning,1,1,32.0,not_requested,2026-09-06T20:53:36Z,0.040907;0.039489;0.037184;0.035177;0.035137;0.035494;0.036548;0.036202;0.034350;0.034991;0.038426;0.038192;0.040535;0.036476;0.037984,cxx,cpp
poisson2d_rich_1023,1046529,jacobi,jthread,16,1,1,compact,deterministic,static,fixed,100,0,iteration_cap,5.591322e-02,,1023,1000000,0.037140,0.031748,0.041674,15,2.817763e+09,62.9819,24.0,20260802,fba9872e407f,pinning,1,1,32.0,bound,2026-09-06T20:53:37Z,0.031748;0.032576;0.035759;0.034739;0.036367;0.036457;0.038491;0.041674;0.040412;0.038939;0.036598;0.037140;0.040130;0.037792;0.037851,cxx,cpp
poisson2d_rich_1023,1046529,jacobi,jthread,16,1,1,scatter,deterministic,static,fixed,100,0,iteration_cap,5.591322e-02,,1023,1000000,0.034574,0.030722,0.042135,15,3.026884e+09,67.6561,24.0,20260802,fba9872e407f,pinning,1,1,32.0,bound,2026-09-06T20:53:38Z,0.030722;0.036828;0.037238;0.036727;0.042135;0.041010;0.033473;0.036133;0.034574;0.034384;0.034946;0.032825;0.033791;0.034574;0.034197,cxx,cpp
poisson2d_rich_1023,1046529,jacobi,jthread,20,1,1,none,deterministic,static,fixed,100,0,iteration_cap,5.591322e-02,,1023,1000000,0.042576,0.035302,0.048183,15,2.458013e+09,54.9409,24.0,20260802,fba9872e407f,pinning,1,1,32.0,not_requested,2026-09-06T20:53:39Z,0.036512;0.043900;0.042672;0.039125;0.040054;0.043347;0.046474;0.044290;0.046945;0.048183;0.042576;0.042546;0.035302;0.035798;0.037843,cxx,cpp
poisson2d_rich_1023,1046529,jacobi,jthread,20,1,1,compact,deterministic,static,fixed,100,0,iteration_cap,5.591322e-02,,1023,1000000,0.041036,0.034582,0.054103,15,2.550294e+09,57.0035,24.0,20260802,fba9872e407f,pinning,1,1,32.0,bound,2026-09-06T20:53:40Z,0.034582;0.034734;0.041036;0.041976;0.040863;0.045323;0.043159;0.046515;0.038632;0.038760;0.037988;0.040213;0.044690;0.047765;0.054103,cxx,cpp
poisson2d_rich_1023,1046529,jacobi,jthread,20,1,1,scatter,deterministic,static,fixed,100,0,iteration_cap,5.591322e-02,,1023,1000000,0.039342,0.037456,0.049963,15,2.660081e+09,59.4575,24.0,20260802,fba9872e407f,pinning,1,1,32.0,bound,2026-09-06T20:53:41Z,0.038251;0.047531;0.037504;0.037456;0.038819;0.043652;0.039342;0.049963;0.047197;0.038384;0.044414;0.043987;0.038672;0.039608;0.038558,cxx,cpp
poisson2d_rich_1023,1046529,cg,openmp,20,1,1,none,deterministic,static,fixed,3000,0,iteration_cap,3.468895e-09,,1023,1000000,0.870621,0.840259,0.951159,15,3.606146e+09,80.6036,24.0,20260802,fba9872e407f,reduction_cost,1,6,32.0,not_requested,2026-09-06T20:53:55Z,0.933598;0.870423;0.882337;0.898088;0.852760;0.902151;0.873977;0.863337;0.870621;0.855870;0.882329;0.861021;0.840259;0.951159;0.840482,cxx,cpp
poisson2d_rich_1023,1046529,cg,openmp,20,1,1,none,native,static,fixed,3000,0,iteration_cap,3.468895e-09,,1023,1000000,0.913872,0.849438,1.756610,15,3.435479e+09,76.7889,24.0,20260802,fba9872e407f,reduction_cost,1,6,32.0,not_requested,2026-09-06T20:54:11Z,0.947883;0.916483;0.882280;0.913872;0.875653;0.965396;1.103446;0.916525;0.873369;0.849438;0.911741;0.851701;0.878336;0.974846;1.756610,cxx,cpp
poisson2d_rich_1023,1046529,cg,pthreads,20,1,1,none,deterministic,static,fixed,3000,0,iteration_cap,3.468895e-09,,1023,1000000,5.720634,5.641753,7.450725,15,5.488180e+08,12.2670,24.0,20260802,fba9872e407f,reduction_cost,1,6,32.0,not_requested,2026-09-06T20:55:45Z,7.450725;6.422315;5.643429;5.719196;5.738477;5.735269;5.720634;5.665666;5.765563;5.739103;5.716112;5.641753;5.724128;5.711928;5.713524,cxx,cpp
poisson2d_rich_1023,1046529,cg,pthreads,20,1,1,none,native,static,fixed,3000,0,iteration_cap,3.468895e-09,,1023,1000000,5.806381,5.738895,6.574105,15,5.407132e+08,12.0859,24.0,20260802,fba9872e407f,reduction_cost,1,6,32.0,not_requested,2026-09-06T20:57:21Z,5.815710;6.375483;5.738895;6.031327;6.574105;6.496217;5.900489;5.759948;5.800169;5.756507;5.761049;5.763073;5.769505;5.806381;5.845069,cxx,cpp
poisson2d_rich_1023,1046529,cg,jthread,20,1,1,none,deterministic,static,fixed,3000,0,iteration_cap,3.468895e-09,,1023,1000000,6.004364,5.931998,6.099494,15,5.228842e+08,11.6874,24.0,20260802,fba9872e407f,reduction_cost,1,6,32.0,not_requested,2026-09-06T20:58:57Z,5.931998;6.028098;5.988742;6.031708;5.992812;6.046938;6.011236;6.000994;6.099494;6.004364;5.952827;6.039901;5.936764;6.084056;5.974782,cxx,cpp
poisson2d_rich_1023,1046529,cg,jthread,20,1,1,none,native,static,fixed,3000,0,iteration_cap,3.468895e-09,,1023,1000000,5.991209,5.886085,6.164095,15,5.240323e+08,11.7130,24.0,20260802,fba9872e407f,reduction_cost,1,6,32.0,not_requested,2026-09-06T21:00:33Z,6.015166;5.936057;6.098681;5.899447;5.991209;5.886085;5.932283;6.094521;5.941835;6.020502;5.947128;6.020508;6.111380;5.949137;6.164095,cxx,cpp
poisson2d_rich_1023,1046529,cg,mpi,20,20,1,none,deterministic,static,fixed,3000,0,iteration_cap,3.468895e-09,,1023,1000000,0.801238,0.763387,0.832347,15,3.918419e+09,87.5835,24.0,20260802,fba9872e407f,reduction_cost,1,6,32.0,not_requested,2026-09-06T21:00:47Z,0.805845;0.779852;0.804633;0.813883;0.802889;0.800994;0.801238;0.817147;0.832347;0.773797;0.793183;0.777728;0.779083;0.824018;0.763387,cxx,cpp
poisson2d_rich_1023,1046529,cg,mpi,20,20,1,none,native,static,fixed,3000,0,iteration_cap,3.468895e-09,,1023,1000000,0.821333,0.774070,0.893523,15,3.822551e+09,85.4407,24.0,20260802,fba9872e407f,reduction_cost,1,6,32.0,not_requested,2026-09-06T21:01:00Z,0.795540;0.821333;0.810026;0.813074;0.872640;0.834360;0.799782;0.835919;0.774070;0.826535;0.838248;0.778301;0.840231;0.788336;0.893523,cxx,cpp
poisson2d_rich_1023,1046529,jacobi,openmp,20,1,1,none,deterministic,static,fixed,1100,0,iteration_cap,1.647115e-02,,1023,1000000,0.063192,0.056629,0.072839,15,1.821712e+10,407.1844,24.0,20260802,fba9872e407f,schedule_cost,1,1,32.0,not_requested,2026-09-06T21:01:02Z,0.071429;0.065259;0.066038;0.072839;0.064489;0.056629;0.060743;0.058028;0.060358;0.064847;0.060474;0.058220;0.070315;0.062708;0.063192,cxx,cpp
poisson2d_rich_1023,1046529,jacobi,openmp,20,1,1,none,deterministic,dynamic,fixed,1100,0,iteration_cap,1.647115e-02,,1023,1000000,0.080956,0.074696,0.095424,15,1.421991e+10,317.8398,24.0,20260802,fba9872e407f,schedule_cost,1,1,32.0,not_requested,2026-09-06T21:01:03Z,0.080084;0.080774;0.076668;0.074696;0.082642;0.089366;0.084470;0.079696;0.080145;0.083008;0.095424;0.084992;0.080956;0.081279;0.076131,cxx,cpp
poisson2d_rich_1023,1046529,jacobi,pthreads,20,1,1,none,deterministic,static,fixed,1100,0,iteration_cap,1.647115e-02,,1023,1000000,0.359540,0.344195,0.380466,15,3.201819e+09,71.5662,24.0,20260802,fba9872e407f,schedule_cost,1,1,32.0,not_requested,2026-09-06T21:01:09Z,0.359540;0.348173;0.370501;0.368559;0.356309;0.358628;0.347524;0.344195;0.380466;0.365564;0.356835;0.375181;0.355992;0.375390;0.360954,cxx,cpp
poisson2d_rich_1023,1046529,jacobi,pthreads,20,1,1,none,deterministic,dynamic,fixed,1100,0,iteration_cap,1.647115e-02,,1023,1000000,0.372193,0.364929,0.406896,15,3.092973e+09,69.1333,24.0,20260802,fba9872e407f,schedule_cost,1,1,32.0,not_requested,2026-09-06T21:01:15Z,0.375252;0.370804;0.370520;0.395118;0.385036;0.371689;0.364929;0.381681;0.406896;0.377317;0.372114;0.369519;0.373365;0.372193;0.371648,cxx,cpp
poisson2d_rich_1023,1046529,jacobi,jthread,20,1,1,none,deterministic,static,fixed,1100,0,iteration_cap,1.647115e-02,,1023,1000000,0.371818,0.344914,0.397810,15,3.096093e+09,69.2031,24.0,20260802,fba9872e407f,schedule_cost,1,1,32.0,not_requested,2026-09-06T21:01:22Z,0.344914;0.356813;0.376590;0.371818;0.392638;0.354952;0.391056;0.376551;0.369895;0.397810;0.361238;0.353035;0.376592;0.348860;0.393864,cxx,cpp
poisson2d_rich_1023,1046529,jacobi,jthread,20,1,1,none,deterministic,dynamic,fixed,1100,0,iteration_cap,1.647115e-02,,1023,1000000,0.386802,0.366887,0.419921,15,2.976151e+09,66.5222,24.0,20260802,fba9872e407f,schedule_cost,1,1,32.0,not_requested,2026-09-06T21:01:28Z,0.374619;0.389893;0.400633;0.414340;0.386802;0.366887;0.417298;0.373695;0.384689;0.368312;0.419218;0.388772;0.377465;0.372279;0.419921,cxx,cpp
poisson2d_rich_1023,1046529,jacobi,mpi,1,1,1,none,deterministic,static,fixed,100,0,iteration_cap,5.591322e-02,,1023,1000000,0.057246,0.054452,0.060644,15,1.828142e+09,40.8622,24.0,20260802,fba9872e407f,mpi_scaling,1,1,32.0,not_requested,2026-09-06T21:01:29Z,0.059088;0.055405;0.057246;0.056056;0.059418;0.060644;0.057663;0.056866;0.055122;0.056999;0.054452;0.057611;0.057782;0.058697;0.056412,cxx,cpp
poisson2d_rich_1023,1046529,cg,mpi,1,1,1,none,deterministic,static,fixed,100,0,iteration_cap,4.521911e-02,,1023,1000000,0.278096,0.267309,0.301989,15,3.763190e+08,8.4114,24.0,20260802,fba9872e407f,mpi_scaling,1,6,32.0,not_requested,2026-09-06T21:01:34Z,0.281926;0.280973;0.272873;0.269650;0.278096;0.269098;0.282207;0.301989;0.267309;0.283316;0.276020;0.269831;0.279547;0.286257;0.269106,cxx,cpp
poisson2d_rich_1023,1046529,gauss_seidel_f,mpi,1,1,1,none,deterministic,static,fixed,100,0,iteration_cap,2.796412e-02,,1023,1000000,0.296300,0.293269,0.306003,15,3.531991e+08,7.8946,24.0,20260802,fba9872e407f,mpi_scaling,1,1,32.0,not_requested,2026-09-06T21:01:39Z,0.293949;0.306003;0.305468;0.295345;0.294195;0.303871;0.301125;0.293269;0.298761;0.296300;0.295337;0.293976;0.297320;0.299926;0.294375,cxx,cpp
poisson2d_rich_1023,1046529,jacobi,mpi,2,2,1,none,deterministic,static,fixed,100,0,iteration_cap,5.591322e-02,,1023,1000000,0.032433,0.030628,0.036864,15,3.226749e+09,72.1235,24.0,20260802,fba9872e407f,mpi_scaling,1,1,32.0,not_requested,2026-09-06T21:01:40Z,0.034445;0.032773;0.032218;0.034315;0.032433;0.033732;0.032796;0.030628;0.031648;0.036864;0.032675;0.031646;0.031459;0.032257;0.031037,cxx,cpp
poisson2d_rich_1023,1046529,cg,mpi,2,2,1,none,deterministic,static,fixed,100,0,iteration_cap,4.521911e-02,,1023,1000000,0.139322,0.135336,0.153186,15,7.511559e+08,16.7896,24.0,20260802,fba9872e407f,mpi_scaling,1,6,32.0,not_requested,2026-09-06T21:01:42Z,0.137860;0.138435;0.151112;0.135484;0.135589;0.136692;0.139322;0.135336;0.141490;0.146883;0.140022;0.137975;0.152268;0.153186;0.140937,cxx,cpp
poisson2d_rich_1023,1046529,gauss_seidel_f,mpi,2,2,1,none,deterministic,static,fixed,100,0,iteration_cap,2.796412e-02,,1023,1000000,0.294079,0.291774,0.297897,15,3.558666e+08,7.9542,24.0,20260802,fba9872e407f,mpi_scaling,1,1,32.0,not_requested,2026-09-06T21:01:48Z,0.293130;0.294079;0.291774;0.292953;0.294937;0.297895;0.293108;0.294589;0.293007;0.292766;0.295212;0.297897;0.297049;0.294228;0.293171,cxx,cpp
poisson2d_rich_1023,1046529,jacobi,mpi,4,4,1,none,deterministic,static,fixed,100,0,iteration_cap,5.591322e-02,,1023,1000000,0.016730,0.015894,0.018546,15,6.255249e+09,139.8157,24.0,20260802,fba9872e407f,mpi_scaling,1,1,32.0,not_requested,2026-09-06T21:01:48Z,0.017232;0.015988;0.015894;0.016108;0.017447;0.017079;0.016072;0.016776;0.018242;0.015966;0.018546;0.016730;0.016214;0.016333;0.017075,cxx,cpp
poisson2d_rich_1023,1046529,cg,mpi,4,4,1,none,deterministic,static,fixed,100,0,iteration_cap,4.521911e-02,,1023,1000000,0.072898,0.068078,0.088457,15,1.435598e+09,32.0881,24.0,20260802,fba9872e407f,mpi_scaling,1,6,32.0,not_requested,2026-09-06T21:01:50Z,0.072237;0.086784;0.072898;0.088457;0.078228;0.078098;0.081566;0.072726;0.076393;0.069205;0.068184;0.068078;0.069118;0.071580;0.073319,cxx,cpp
poisson2d_rich_1023,1046529,gauss_seidel_f,mpi,4,4,1,none,deterministic,static,fixed,100,0,iteration_cap,2.796412e-02,,1023,1000000,0.226060,0.223074,0.234477,15,4.629439e+08,10.3476,24.0,20260802,fba9872e407f,mpi_scaling,1,1,32.0,not_requested,2026-09-06T21:01:54Z,0.223074;0.224015;0.230562;0.226847;0.226814;0.226510;0.225013;0.228789;0.223597;0.226060;0.224665;0.234477;0.223191;0.227954;0.224333,cxx,cpp
poisson2d_rich_1023,1046529,jacobi,mpi,8,8,1,none,deterministic,static,fixed,100,0,iteration_cap,5.591322e-02,,1023,1000000,0.012151,0.010061,0.014339,15,8.612631e+09,192.5073,24.0,20260802,fba9872e407f,mpi_scaling,1,1,32.0,not_requested,2026-09-06T21:01:54Z,0.012774;0.013505;0.011131;0.010279;0.011684;0.010061;0.014339;0.013005;0.013060;0.010419;0.012264;0.010765;0.012547;0.012151;0.010973,cxx,cpp
poisson2d_rich_1023,1046529,cg,mpi,8,8,1,none,deterministic,static,fixed,100,0,iteration_cap,4.521911e-02,,1023,1000000,0.045612,0.038282,0.057423,15,2.294435e+09,51.2846,24.0,20260802,fba9872e407f,mpi_scaling,1,6,32.0,not_requested,2026-09-06T21:01:55Z,0.038506;0.044417;0.038671;0.038282;0.049751;0.052042;0.057423;0.045612;0.043257;0.042524;0.045736;0.044245;0.047065;0.055076;0.045789,cxx,cpp
poisson2d_rich_1023,1046529,gauss_seidel_f,mpi,8,8,1,none,deterministic,static,fixed,100,0,iteration_cap,2.796412e-02,,1023,1000000,0.134947,0.126001,0.146024,15,7.755111e+08,17.3340,24.0,20260802,fba9872e407f,mpi_scaling,1,1,32.0,not_requested,2026-09-06T21:01:58Z,0.143158;0.134947;0.127171;0.132832;0.133020;0.126001;0.134580;0.146024;0.137586;0.128645;0.130813;0.136095;0.135586;0.137828;0.138643,cxx,cpp
poisson2d_rich_1023,1046529,jacobi,mpi,16,16,1,none,deterministic,static,fixed,100,0,iteration_cap,5.591322e-02,,1023,1000000,0.013584,0.012060,0.017430,15,7.704262e+09,172.2037,24.0,20260802,fba9872e407f,mpi_scaling,1,1,32.0,not_requested,2026-09-06T21:01:59Z,0.013558;0.017430;0.014888;0.016394;0.013449;0.013584;0.013319;0.014638;0.014272;0.016316;0.013536;0.012084;0.014463;0.012060;0.012592,cxx,cpp
poisson2d_rich_1023,1046529,cg,mpi,16,16,1,none,deterministic,static,fixed,100,0,iteration_cap,4.521911e-02,,1023,1000000,0.038385,0.036348,0.048497,15,2.726379e+09,60.9393,24.0,20260802,fba9872e407f,mpi_scaling,1,6,32.0,not_requested,2026-09-06T21:02:00Z,0.037146;0.036348;0.042551;0.045065;0.038203;0.038385;0.042536;0.037589;0.036738;0.042063;0.048497;0.041920;0.036771;0.039478;0.037677,cxx,cpp
poisson2d_rich_1023,1046529,gauss_seidel_f,mpi,16,16,1,none,deterministic,static,fixed,100,0,iteration_cap,2.796412e-02,,1023,1000000,0.089837,0.082197,0.093530,15,1.164924e+09,26.0381,24.0,20260802,fba9872e407f,mpi_scaling,1,1,32.0,not_requested,2026-09-06T21:02:02Z,0.092575;0.082197;0.091172;0.091406;0.091537;0.089982;0.093530;0.088506;0.089837;0.084593;0.086817;0.089596;0.090881;0.084142;0.083827,cxx,cpp
poisson2d_rich_1023,1046529,jacobi,mpi,20,20,1,none,deterministic,static,fixed,100,0,iteration_cap,5.591322e-02,,1023,1000000,0.014046,0.011222,0.019935,15,7.450892e+09,166.5404,24.0,20260802,fba9872e407f,mpi_scaling,1,1,32.0,not_requested,2026-09-06T21:02:02Z,0.012578;0.018002;0.015708;0.015917;0.012722;0.014046;0.019935;0.014784;0.011469;0.011911;0.011222;0.015665;0.015052;0.011954;0.011858,cxx,cpp
poisson2d_rich_1023,1046529,cg,mpi,20,20,1,none,deterministic,static,fixed,100,0,iteration_cap,4.521911e-02,,1023,1000000,0.039571,0.036257,0.045690,15,2.644660e+09,59.1128,24.0,20260802,fba9872e407f,mpi_scaling,1,6,32.0,not_requested,2026-09-06T21:02:04Z,0.040712;0.037980;0.036257;0.039571;0.042804;0.036641;0.038308;0.036879;0.044588;0.045428;0.037260;0.037301;0.040646;0.045690;0.040089,cxx,cpp
poisson2d_rich_1023,1046529,gauss_seidel_f,mpi,20,20,1,none,deterministic,static,fixed,100,0,iteration_cap,2.796412e-02,,1023,1000000,0.079462,0.073604,0.082148,15,1.317019e+09,29.4377,24.0,20260802,fba9872e407f,mpi_scaling,1,1,32.0,not_requested,2026-09-06T21:02:05Z,0.076517;0.081886;0.079835;0.078993;0.073604;0.079449;0.080458;0.078526;0.080837;0.078392;0.082148;0.077908;0.080766;0.079462;0.080865,cxx,cpp
poisson2d_rich_1023,1046529,jacobi,openmp,20,1,1,none,deterministic,static,fixed,300,0,iteration_cap,3.207319e-02,,1023,1000000,0.019118,0.015183,0.030249,15,1.642210e+10,367.0625,24.0,20260802,fba9872e407f,device_comparison,1,1,32.0,not_requested,2026-09-06T21:02:06Z,0.022416;0.020479;0.030249;0.017433;0.018267;0.020494;0.016040;0.015400;0.019118;0.019398;0.016418;0.015183;0.015521;0.024056;0.020104,cxx,cpp
poisson2d_rich_1023,1046529,gauss_seidel_rb,openmp,20,1,1,none,deterministic,static,fixed,300,0,iteration_cap,2.224451e-02,,1023,1000000,0.032097,0.030629,0.034302,15,9.781534e+09,218.6343,24.0,20260802,fba9872e407f,device_comparison,1,2,32.0,not_requested,2026-09-06T21:02:07Z,0.031260;0.030629;0.030949;0.031503;0.032489;0.032463;0.032097;0.034302;0.031234;0.033492;0.032536;0.031122;0.032555;0.033948;0.031268,cxx,cpp
poisson2d_rich_1023,1046529,sor_rb,openmp,20,1,1,none,deterministic,static,fixed,300,0,iteration_cap,3.290568e-01,1.993883,1023,1000000,0.033298,0.029735,0.034968,15,9.428876e+09,210.7518,24.0,20260802,fba9872e407f,device_comparison,1,2,32.0,not_requested,2026-09-06T21:02:08Z,0.031725;0.032336;0.031109;0.033298;0.033185;0.031266;0.029735;0.034041;0.033545;0.031790;0.033616;0.034493;0.033377;0.034968;0.034447,cxx,cpp
poisson2d_rich_1023,1046529,cg,openmp,20,1,1,none,deterministic,static,fixed,300,0,iteration_cap,1.979015e-02,,1023,1000000,0.085421,0.079337,0.102588,15,3.675445e+09,82.1526,24.0,20260802,fba9872e407f,device_comparison,1,6,32.0,not_requested,2026-09-06T21:02:09Z,0.102588;0.083081;0.082288;0.093098;0.079407;0.083274;0.079722;0.097721;0.086732;0.085421;0.091993;0.079337;0.092528;0.083419;0.088466,cxx,cpp
poisson2d_rich_1023,1046529,jacobi,cuda,1,1,1,none,device,static,fixed,300,0,iteration_cap,3.207319e-02,,1023,1000000,0.012268,0.011543,0.030138,15,3.803915e+10,850.2413,24.0,20260802,fba9872e407f,device_comparison kernel=0.008254 transfer=0.002397,1,1,32.0,none,2026-09-06T21:02:10Z,0.011660;0.012403;0.013216;0.013456;0.012622;0.012268;0.012606;0.030138;0.012222;0.011888;0.011973;0.011543;0.011988;0.011807;0.012903,device,device
poisson2d_rich_1023,1046529,gauss_seidel_rb,cuda,1,1,1,none,device,static,fixed,300,0,iteration_cap,2.224451e-02,,1023,1000000,0.018105,0.017602,0.037456,15,2.245226e+10,501.8470,24.0,20260802,fba9872e407f,device_comparison kernel=0.013983 transfer=0.002058,1,2,32.0,none,2026-09-06T21:02:10Z,0.018255;0.017721;0.017798;0.018752;0.018426;0.021958;0.017881;0.018046;0.017952;0.017602;0.018105;0.018182;0.018496;0.017656;0.037456,device,device
poisson2d_rich_1023,1046529,sor_rb,cuda,1,1,1,none,device,static,fixed,300,0,iteration_cap,3.290568e-01,1.993883,1023,1000000,0.017610,0.017203,0.025470,15,2.202213e+10,492.2329,24.0,20260802,fba9872e407f,device_comparison kernel=0.014257 transfer=0.001818,1,2,32.0,none,2026-09-06T21:02:11Z,0.017462;0.017346;0.018001;0.017338;0.018036;0.017203;0.017442;0.017601;0.025470;0.017961;0.017647;0.018110;0.017610;0.017324;0.017721,device,device
poisson2d_rich_1023,1046529,cg,cuda,1,1,1,none,device,static,fixed,300,0,iteration_cap,1.979015e-02,,1023,1000000,0.067103,0.065499,0.088166,15,5.023332e+09,112.2802,24.0,20260802,fba9872e407f,device_comparison kernel=0.062500 transfer=0.002357,1,6,32.0,none,2026-09-06T21:02:13Z,0.066444;0.067103;0.069179;0.088166;0.066415;0.068814;0.067056;0.070154;0.084591;0.067410;0.065499;0.066980;0.065987;0.065628;0.067150,device,device
poisson2d_rich_2047,4190209,jacobi,openmp,20,1,1,none,deterministic,static,fixed,300,0,iteration_cap,3.209477e-02,,2047,1000000,0.402980,0.379772,0.437628,15,3.119416e+09,69.7244,24.0,20260802,fba9872e407f,device_comparison,1,1,32.0,not_requested,2026-09-06T21:02:19Z,0.395123;0.412064;0.395257;0.405062;0.392080;0.379772;0.422639;0.425413;0.391858;0.383315;0.399396;0.402980;0.437628;0.415637;0.410956,cxx,cpp
poisson2d_rich_2047,4190209,gauss_seidel_rb,openmp,20,1,1,none,deterministic,static,fixed,300,0,iteration_cap,2.239843e-02,,2047,1000000,0.424910,0.391974,0.485272,15,2.958424e+09,66.1259,24.0,20260802,fba9872e407f,device_comparison,1,2,32.0,not_requested,2026-09-06T21:02:27Z,0.424910;0.464687;0.400150;0.391974;0.407330;0.439157;0.485272;0.396375;0.422344;0.434928;0.417359;0.473118;0.429087;0.437644;0.399150,cxx,cpp
poisson2d_rich_2047,4190209,sor_rb,openmp,20,1,1,none,deterministic,static,fixed,300,0,iteration_cap,8.624275e-01,1.996937,2047,1000000,0.418443,0.391517,0.465072,15,3.004142e+09,67.1478,24.0,20260802,fba9872e407f,device_comparison,1,2,32.0,not_requested,2026-09-06T21:02:34Z,0.415487;0.419885;0.403071;0.417235;0.435373;0.434636;0.407669;0.408686;0.419529;0.418443;0.465072;0.394783;0.391517;0.427114;0.422178,cxx,cpp
poisson2d_rich_2047,4190209,cg,openmp,20,1,1,none,deterministic,static,fixed,300,0,iteration_cap,2.364154e-02,,2047,1000000,1.713352,1.683311,1.731591,15,7.336864e+08,16.3992,24.0,20260802,fba9872e407f,device_comparison,1,6,32.0,not_requested,2026-09-06T21:03:01Z,1.727946;1.697735;1.698458;1.683311;1.713352;1.716478;1.715243;1.691984;1.731591;1.700834;1.725994;1.706285;1.716680;1.685108;1.726675,cxx,cpp
poisson2d_rich_2047,4190209,jacobi,cuda,1,1,1,none,device,static,fixed,300,0,iteration_cap,3.209477e-02,,2047,1000000,0.058033,0.056910,0.073382,15,2.671346e+10,597.0923,24.0,20260802,fba9872e407f,device_comparison kernel=0.047057 transfer=0.008460,1,1,32.0,none,2026-09-06T21:03:03Z,0.073382;0.058433;0.058102;0.057394;0.057368;0.058033;0.057857;0.057631;0.057886;0.058079;0.058901;0.066667;0.057628;0.056910;0.058324,device,device
poisson2d_rich_2047,4190209,gauss_seidel_rb,cuda,1,1,1,none,device,static,fixed,300,0,iteration_cap,2.239843e-02,,2047,1000000,0.086892,0.086172,0.105632,15,1.654920e+10,369.9034,24.0,20260802,fba9872e407f,device_comparison kernel=0.075959 transfer=0.009366,1,2,32.0,none,2026-09-06T21:03:05Z,0.105632;0.093055;0.086892;0.086597;0.087433;0.086407;0.087565;0.086532;0.086172;0.086438;0.087004;0.086299;0.086711;0.093301;0.088103,device,device
poisson2d_rich_2047,4190209,sor_rb,cuda,1,1,1,none,device,static,fixed,300,0,iteration_cap,8.624275e-01,1.996937,2047,1000000,0.087140,0.086231,0.095530,15,1.648851e+10,368.5470,24.0,20260802,fba9872e407f,device_comparison kernel=0.076239 transfer=0.008548,1,2,32.0,none,2026-09-06T21:03:07Z,0.087359;0.095530;0.087140;0.086318;0.087734;0.086231;0.087411;0.087310;0.086300;0.086692;0.087255;0.086898;0.086513;0.086295;0.087635,device,device
poisson2d_rich_2047,4190209,cg,cuda,1,1,1,none,device,static,fixed,300,0,iteration_cap,2.364154e-02,,2047,1000000,0.240822,0.238759,0.244931,15,5.531247e+09,123.6330,24.0,20260802,fba9872e407f,device_comparison kernel=0.227266 transfer=0.008014,1,6,32.0,none,2026-09-06T21:03:11Z,0.238823;0.241522;0.241148;0.241433;0.240822;0.240409;0.239402;0.239535;0.239910;0.241694;0.239752;0.244931;0.241600;0.241392;0.238759,device,device
poisson2d_rich_4095,16769025,jacobi,openmp,20,1,1,none,deterministic,static,fixed,300,0,iteration_cap,3.262973e-02,,4095,1000000,2.109598,2.099411,2.153356,15,2.384676e+09,53.3017,24.0,20260802,fba9872e407f,device_comparison,1,1,32.0,not_requested,2026-09-06T21:03:46Z,2.108323;2.112174;2.113702;2.138835;2.108715;2.101727;2.119747;2.153356;2.106423;2.120387;2.099672;2.109598;2.119528;2.099411;2.105784,cxx,cpp
poisson2d_rich_4095,16769025,gauss_seidel_rb,openmp,20,1,1,none,deterministic,static,fixed,300,0,iteration_cap,2.297339e-02,,4095,1000000,3.659088,3.641359,3.696100,15,1.374853e+09,30.7304,24.0,20260802,fba9872e407f,device_comparison,1,2,32.0,not_requested,2026-09-06T21:04:45Z,3.696100;3.651753;3.667275;3.659088;3.650160;3.676501;3.641359;3.645432;3.670846;3.672639;3.641455;3.665229;3.660618;3.647883;3.653517,cxx,cpp
poisson2d_rich_4095,16769025,sor_rb,openmp,20,1,1,none,deterministic,static,fixed,300,0,iteration_cap,1.473617e+00,1.998467,4095,1000000,3.669807,3.645437,3.742145,15,1.370837e+09,30.6406,24.0,20260802,fba9872e407f,device_comparison,1,2,32.0,not_requested,2026-09-06T21:05:44Z,3.705741;3.742145;3.654132;3.672181;3.674059;3.661271;3.647359;3.669807;3.654237;3.670627;3.688308;3.652512;3.645437;3.710625;3.650431,cxx,cpp
poisson2d_rich_4095,16769025,cg,openmp,20,1,1,none,deterministic,static,fixed,300,0,iteration_cap,2.861489e-02,,4095,1000000,8.199110,8.171313,8.316858,15,6.135675e+08,13.7143,24.0,20260802,fba9872e407f,device_comparison,1,6,32.0,not_requested,2026-09-06T21:07:56Z,8.231961;8.181661;8.206789;8.193113;8.311203;8.244330;8.199110;8.213824;8.189689;8.186789;8.171313;8.316858;8.177344;8.175426;8.211993,cxx,cpp
poisson2d_rich_4095,16769025,jacobi,cuda,1,1,1,none,device,static,fixed,300,0,iteration_cap,3.262973e-02,,4095,1000000,0.247852,0.245616,0.266563,15,2.416646e+10,540.1625,24.0,20260802,fba9872e407f,device_comparison kernel=0.208169 transfer=0.030446,1,1,32.0,none,2026-09-06T21:08:02Z,0.246640;0.246138;0.248120;0.266563;0.246960;0.245616;0.249378;0.245779;0.247852;0.252308;0.262805;0.250163;0.246526;0.249688;0.246954,device,device
poisson2d_rich_4095,16769025,gauss_seidel_rb,cuda,1,1,1,none,device,static,fixed,300,0,iteration_cap,2.297339e-02,,4095,1000000,0.452718,0.449887,0.460858,15,1.216922e+10,272.0032,24.0,20260802,fba9872e407f,device_comparison kernel=0.413396 transfer=0.030068,1,2,32.0,none,2026-09-06T21:08:10Z,0.460858;0.452741;0.454648;0.452409;0.450584;0.456752;0.449887;0.453801;0.454404;0.452483;0.451801;0.455335;0.451102;0.452718;0.451177,device,device
poisson2d_rich_4095,16769025,sor_rb,cuda,1,1,1,none,device,static,fixed,300,0,iteration_cap,1.473617e+00,1.998467,4095,1000000,0.451490,0.450265,0.460082,15,1.213792e+10,271.3037,24.0,20260802,fba9872e407f,device_comparison kernel=0.414462 transfer=0.029416,1,2,32.0,none,2026-09-06T21:08:18Z,0.452043;0.451121;0.451334;0.450515;0.452657;0.450265;0.452020;0.451252;0.453069;0.451351;0.450715;0.460082;0.452117;0.451490;0.451913,device,device
poisson2d_rich_4095,16769025,cg,cuda,1,1,1,none,device,static,fixed,300,0,iteration_cap,2.861489e-02,,4095,1000000,1.072256,1.041548,1.117335,15,4.930761e+09,110.2111,24.0,20260802,fba9872e407f,device_comparison kernel=1.020270 transfer=0.035807,1,6,32.0,none,2026-09-06T21:08:37Z,1.041548;1.058054;1.060446;1.079759;1.072256;1.072256;1.082841;1.081375;1.064920;1.069698;1.117335;1.059406;1.105792;1.080883;1.068131,device,device
dense_spd_512,512,jacobi,serial,1,1,1,none,deterministic,static,fixed,50,0,iteration_cap,7.836258e-16,,16,1000000,0.005539,0.005228,0.006758,15,4.621908e+06,17.7345,4120.0,20260802,fba9872e407f,dense,1,1,4128.0,not_requested,2026-09-06T21:08:37Z,0.005299;0.005486;0.006090;0.005316;0.006131;0.005644;0.005288;0.005799;0.006758;0.005922;0.005639;0.005539;0.005331;0.005332;0.005228,cxx,cpp
dense_spd_512,512,gauss_seidel_f,serial,1,1,1,none,deterministic,static,fixed,50,0,iteration_cap,7.836258e-16,,16,1000000,0.004934,0.004841,0.005132,15,5.188005e+06,19.9066,4120.0,20260802,fba9872e407f,dense,1,1,4128.0,not_requested,2026-09-06T21:08:37Z,0.004992;0.005104;0.004841;0.005110;0.004847;0.005132;0.004847;0.004934;0.005035;0.004941;0.004930;0.005072;0.004862;0.004858;0.004890,cxx,cpp
dense_spd_512,512,block_jacobi,serial,1,1,1,none,deterministic,static,fixed,50,0,iteration_cap,8.422529e-16,,16,1000000,0.004819,0.004585,0.005229,15,5.312246e+06,20.3833,4120.0,20260802,fba9872e407f,dense,1,2,4128.0,not_requested,2026-09-06T21:08:38Z,0.004585;0.004849;0.004957;0.005229;0.004921;0.005138;0.004868;0.004880;0.004748;0.004770;0.004819;0.004720;0.004763;0.004777;0.004723,cxx,cpp
dense_spd_512,512,block_gauss_seidel,serial,1,1,1,none,deterministic,static,fixed,50,0,iteration_cap,8.445105e-16,,16,1000000,0.004670,0.004496,0.005270,15,5.482221e+06,21.0356,4120.0,20260802,fba9872e407f,dense,1,1,4128.0,not_requested,2026-09-06T21:08:38Z,0.004753;0.004655;0.004646;0.004670;0.004524;0.004661;0.004527;0.004496;0.004658;0.004951;0.004877;0.005088;0.005270;0.004751;0.004881,cxx,cpp
dense_spd_512,512,cg,serial,1,1,1,none,deterministic,static,fixed,50,0,iteration_cap,3.799431e-63,,16,1000000,0.004523,0.004315,0.004792,15,5.659617e+06,21.7162,4120.0,20260802,fba9872e407f,dense,1,6,4128.0,not_requested,2026-09-06T21:08:38Z,0.004528;0.004465;0.004593;0.004394;0.004598;0.004444;0.004433;0.004710;0.004315;0.004362;0.004326;0.004551;0.004523;0.004553;0.004792,cxx,cpp
dense_spd_512,512,jacobi,openmp,20,1,1,none,deterministic,static,fixed,50,0,iteration_cap,7.836258e-16,,16,1000000,0.000716,0.000651,0.001241,15,3.574890e+07,137.1703,4120.0,20260802,fba9872e407f,dense,1,1,4128.0,not_requested,2026-09-06T21:08:38Z,0.000734;0.001241;0.000708;0.000746;0.000831;0.000651;0.000707;0.000675;0.000697;0.000716;0.000908;0.000687;0.000728;0.000719;0.000712,cxx,cpp
dense_spd_512,512,gauss_seidel_f,openmp,20,1,1,none,deterministic,static,fixed,50,0,iteration_cap,7.836258e-16,,16,1000000,0.006326,0.005779,0.010424,15,4.046951e+06,15.5283,4120.0,20260802,fba9872e407f,dense,1,1,4128.0,not_requested,2026-09-06T21:08:39Z,0.005851;0.007191;0.005817;0.005954;0.006284;0.006326;0.006414;0.006347;0.006334;0.006308;0.006349;0.007347;0.010424;0.006142;0.005779,cxx,cpp
dense_spd_512,512,block_jacobi,openmp,20,1,1,none,deterministic,static,fixed,50,0,iteration_cap,8.422529e-16,,16,1000000,0.000826,0.000730,0.001648,15,3.100813e+07,118.9797,4120.0,20260802,fba9872e407f,dense,1,2,4128.0,not_requested,2026-09-06T21:08:39Z,0.001648;0.000818;0.001067;0.000867;0.000826;0.000761;0.000776;0.000841;0.000757;0.000995;0.000778;0.000790;0.000826;0.000730;0.000831,cxx,cpp
dense_spd_512,512,block_gauss_seidel,openmp,20,1,1,none,deterministic,static,fixed,50,0,iteration_cap,8.445105e-16,,16,1000000,0.005323,0.005268,0.006290,15,4.809471e+06,18.4542,4120.0,20260802,fba9872e407f,dense,1,1,4128.0,not_requested,2026-09-06T21:08:39Z,0.005403;0.005270;0.005410;0.005308;0.005323;0.006145;0.006290;0.005307;0.005538;0.005275;0.005268;0.005379;0.005297;0.005303;0.005501,cxx,cpp
dense_spd_512,512,cg,openmp,20,1,1,none,deterministic,static,fixed,50,0,iteration_cap,3.799431e-63,,16,1000000,0.001358,0.001242,0.001507,15,1.884633e+07,72.3143,4120.0,20260802,fba9872e407f,dense,1,6,4128.0,not_requested,2026-09-06T21:08:39Z,0.001368;0.001242;0.001442;0.001319;0.001457;0.001458;0.001431;0.001260;0.001358;0.001507;0.001397;0.001288;0.001285;0.001263;0.001301,cxx,cpp
dense_spd_512,512,jacobi,pthreads,20,1,1,none,deterministic,static,fixed,50,0,iteration_cap,7.836258e-16,,16,1000000,0.013719,0.013138,0.014115,15,1.865967e+06,7.1598,4120.0,20260802,fba9872e407f,dense,1,1,4128.0,not_requested,2026-09-06T21:08:40Z,0.014115;0.013994;0.013727;0.013447;0.013993;0.013736;0.013719;0.013725;0.013668;0.013523;0.013546;0.013391;0.013342;0.013138;0.013786,cxx,cpp
dense_spd_512,512,gauss_seidel_f,pthreads,20,1,1,none,deterministic,static,fixed,50,0,iteration_cap,7.836258e-16,,16,1000000,0.006144,0.005970,0.006947,15,4.166764e+06,15.9881,4120.0,20260802,fba9872e407f,dense,1,1,4128.0,not_requested,2026-09-06T21:08:40Z,0.006081;0.005970;0.005997;0.006047;0.006272;0.006947;0.006096;0.006205;0.006249;0.006404;0.006366;0.006144;0.006101;0.006232;0.006086,cxx,cpp
dense_spd_512,512,block_jacobi,pthreads,20,1,1,none,deterministic,static,fixed,50,0,iteration_cap,8.422529e-16,,16,1000000,0.013783,0.013246,0.014599,15,1.857299e+06,7.1265,4120.0,20260802,fba9872e407f,dense,1,2,4128.0,not_requested,2026-09-06T21:08:40Z,0.013304;0.013402;0.013518;0.013246;0.013320;0.013384;0.013822;0.013600;0.013817;0.014170;0.013783;0.014115;0.014599;0.014075;0.014377,cxx,cpp
dense_spd_512,512,block_gauss_seidel,pthreads,20,1,1,none,deterministic,static,fixed,50,0,iteration_cap,8.445105e-16,,16,1000000,0.005868,0.005561,0.006884,15,4.362513e+06,16.7392,4120.0,20260802,fba9872e407f,dense,1,1,4128.0,not_requested,2026-09-06T21:08:41Z,0.006884;0.006137;0.005625;0.006139;0.005977;0.005561;0.005868;0.006638;0.005719;0.005694;0.006268;0.005840;0.005772;0.006229;0.005791,cxx,cpp
dense_spd_512,512,cg,pthreads,20,1,1,none,deterministic,static,fixed,50,0,iteration_cap,3.799431e-63,,16,1000000,0.072689,0.070283,0.075450,15,3.521864e+05,1.3514,4120.0,20260802,fba9872e407f,dense,1,6,4128.0,not_requested,2026-09-06T21:08:42Z,0.075450;0.072596;0.074456;0.072689;0.072134;0.073060;0.073158;0.070721;0.071176;0.071858;0.072790;0.070283;0.072658;0.073592;0.074414,cxx,cpp
dense_spd_512,512,jacobi,jthread,20,1,1,none,deterministic,static,fixed,50,0,iteration_cap,7.836258e-16,,16,1000000,0.014705,0.014173,0.015646,15,1.740872e+06,6.6798,4120.0,20260802,fba9872e407f,dense,1,1,4128.0,not_requested,2026-09-06T21:08:42Z,0.014993;0.015646;0.014448;0.014379;0.014729;0.015277;0.015618;0.014570;0.014258;0.014399;0.014779;0.014505;0.014173;0.014788;0.014705,cxx,cpp
dense_spd_512,512,gauss_seidel_f,jthread,20,1,1,none,deterministic,static,fixed,50,0,iteration_cap,7.836258e-16,,16,1000000,0.006250,0.005961,0.006818,15,4.095900e+06,15.7162,4120.0,20260802,fba9872e407f,dense,1,1,4128.0,not_requested,2026-09-06T21:08:43Z,0.006656;0.006818;0.006511;0.006395;0.005961;0.006234;0.006232;0.006720;0.006191;0.006194;0.006037;0.006485;0.006439;0.006250;0.006201,cxx,cpp
dense_spd_512,512,block_jacobi,jthread,20,1,1,none,deterministic,static,fixed,50,0,iteration_cap,8.422529e-16,,16,1000000,0.015132,0.014416,0.016672,15,1.691738e+06,6.4913,4120.0,20260802,fba9872e407f,dense,1,2,4128.0,not_requested,2026-09-06T21:08:43Z,0.015382;0.014936;0.015132;0.014561;0.014601;0.014416;0.015115;0.015090;0.015560;0.015299;0.016672;0.015713;0.015640;0.015647;0.014598,cxx,cpp
dense_spd_512,512,block_gauss_seidel,jthread,20,1,1,none,deterministic,static,fixed,50,0,iteration_cap,8.445105e-16,,16,1000000,0.005864,0.005617,0.006309,15,4.365328e+06,16.7500,4120.0,20260802,fba9872e407f,dense,1,1,4128.0,not_requested,2026-09-06T21:08:43Z,0.006148;0.005864;0.005704;0.006038;0.006010;0.005875;0.006030;0.006136;0.005646;0.005672;0.005637;0.005617;0.005659;0.005736;0.006309,cxx,cpp
dense_spd_512,512,cg,jthread,20,1,1,none,deterministic,static,fixed,50,0,iteration_cap,3.799431e-63,,16,1000000,0.079697,0.076378,0.083681,15,3.212176e+05,1.2325,4120.0,20260802,fba9872e407f,dense,1,6,4128.0,not_requested,2026-09-06T21:08:45Z,0.078883;0.077896;0.079949;0.077640;0.081728;0.079697;0.078357;0.076378;0.078565;0.078914;0.083681;0.080981;0.080637;0.080437;0.080486,cxx,cpp
dense_spd_512,512,jacobi,mpi,20,20,1,none,deterministic,static,fixed,50,0,iteration_cap,7.836258e-16,,16,1000000,0.002108,0.001133,0.003663,15,1.214559e+07,46.6032,4120.0,20260802,fba9872e407f,dense,1,1,4128.0,not_requested,2026-09-06T21:08:45Z,0.001904;0.001946;0.001543;0.002788;0.002432;0.002753;0.003400;0.001999;0.002857;0.002108;0.002211;0.002071;0.003663;0.001379;0.001133,cxx,cpp
dense_spd_512,512,gauss_seidel_f,mpi,20,20,1,none,deterministic,static,fixed,50,0,iteration_cap,7.836258e-16,,16,1000000,0.010177,0.009705,0.011486,15,2.515426e+06,9.6518,4120.0,20260802,fba9872e407f,dense,1,1,4128.0,not_requested,2026-09-06T21:08:46Z,0.011486;0.010157;0.010777;0.009705;0.010086;0.010214;0.010000;0.010242;0.010169;0.010094;0.010674;0.010177;0.010297;0.010566;0.010067,cxx,cpp
dense_spd_512,512,block_jacobi,mpi,20,20,1,none,deterministic,static,fixed,50,0,iteration_cap,8.422529e-16,,16,1000000,0.002237,0.001705,0.002694,15,1.144510e+07,43.9154,4120.0,20260802,fba9872e407f,dense,1,2,4128.0,not_requested,2026-09-06T21:08:46Z,0.002451;0.002379;0.002237;0.002026;0.002429;0.002094;0.002316;0.002089;0.002397;0.002366;0.002087;0.002694;0.001705;0.001968;0.001724,cxx,cpp
dense_spd_512,512,block_gauss_seidel,mpi,20,20,1,none,deterministic,static,fixed,50,0,iteration_cap,8.445105e-16,,16,1000000,0.012192,0.010394,0.020262,15,2.099653e+06,8.0565,4120.0,20260802,fba9872e407f,dense,1,1,4128.0,not_requested,2026-09-06T21:08:47Z,0.012192;0.011212;0.011465;0.013054;0.011823;0.011986;0.020262;0.016471;0.010950;0.010394;0.011503;0.012990;0.014089;0.013941;0.017007,cxx,cpp
dense_spd_512,512,cg,mpi,20,20,1,none,deterministic,static,fixed,50,0,iteration_cap,3.799431e-63,,16,1000000,0.001931,0.001456,0.003619,15,1.325428e+07,50.8573,4120.0,20260802,fba9872e407f,dense,1,6,4128.0,not_requested,2026-09-06T21:08:47Z,0.003619;0.003108;0.002529;0.002414;0.001635;0.001931;0.002410;0.001734;0.001838;0.002234;0.001741;0.001517;0.001456;0.002269;0.001499,cxx,cpp
dense_spd_1024,1024,jacobi,serial,1,1,1,none,deterministic,static,fixed,50,0,iteration_cap,1.067640e-15,,16,1000000,0.021555,0.020832,0.022078,15,2.375343e+06,18.1755,8216.0,20260802,fba9872e407f,dense,1,1,8224.0,not_requested,2026-09-06T21:08:48Z,0.021555;0.021064;0.021561;0.021962;0.020832;0.021470;0.021716;0.021260;0.021645;0.021082;0.022078;0.021035;0.021709;0.021249;0.021591,cxx,cpp
dense_spd_1024,1024,gauss_seidel_f,serial,1,1,1,none,deterministic,static,fixed,50,0,iteration_cap,1.061113e-15,,16,1000000,0.021241,0.020037,0.023052,15,2.410409e+06,18.4438,8216.0,20260802,fba9872e407f,dense,1,1,8224.0,not_requested,2026-09-06T21:08:48Z,0.020037;0.021241;0.022127;0.021821;0.021633;0.021157;0.020670;0.021938;0.022452;0.022092;0.020584;0.023052;0.020820;0.020752;0.020647,cxx,cpp
dense_spd_1024,1024,block_jacobi,serial,1,1,1,none,deterministic,static,fixed,50,0,iteration_cap,1.169383e-15,,16,1000000,0.021657,0.020024,0.024292,15,2.364109e+06,18.0896,8216.0,20260802,fba9872e407f,dense,1,2,8224.0,not_requested,2026-09-06T21:08:49Z,0.020024;0.020776;0.022873;0.024292;0.022199;0.022700;0.021657;0.021908;0.021797;0.020079;0.020743;0.021562;0.022731;0.020433;0.020101,cxx,cpp
dense_spd_1024,1024,block_gauss_seidel,serial,1,1,1,none,deterministic,static,fixed,50,0,iteration_cap,1.169230e-15,,16,1000000,0.020312,0.019733,0.021165,15,2.520707e+06,19.2878,8216.0,20260802,fba9872e407f,dense,1,1,8224.0,not_requested,2026-09-06T21:08:49Z,0.019733;0.019963;0.020312;0.020312;0.019760;0.020021;0.021158;0.020537;0.021165;0.020992;0.020721;0.020548;0.020382;0.020239;0.019856,cxx,cpp
dense_spd_1024,1024,cg,serial,1,1,1,none,deterministic,static,fixed,50,0,iteration_cap,4.341454e-70,,16,1000000,0.020164,0.019162,0.021913,15,2.539200e+06,19.4293,8216.0,20260802,fba9872e407f,dense,1,6,8224.0,not_requested,2026-09-06T21:08:50Z,0.020164;0.021015;0.019162;0.019543;0.020393;0.020250;0.021387;0.019165;0.019783;0.020175;0.021913;0.019300;0.019447;0.020269;0.019296,cxx,cpp
dense_spd_1024,1024,jacobi,openmp,20,1,1,none,deterministic,static,fixed,50,0,iteration_cap,1.067640e-15,,16,1000000,0.002792,0.002587,0.004347,15,1.833742e+07,140.3133,8216.0,20260802,fba9872e407f,dense,1,1,8224.0,not_requested,2026-09-06T21:08:50Z,0.004347;0.003501;0.002858;0.003068;0.003112;0.002678;0.002958;0.003087;0.002694;0.002672;0.002701;0.002601;0.002587;0.002792;0.002613,cxx,cpp
dense_spd_1024,1024,gauss_seidel_f,openmp,20,1,1,none,deterministic,static,fixed,50,0,iteration_cap,1.061113e-15,,16,1000000,0.021702,0.020957,0.026952,15,2.359278e+06,18.0526,8216.0,20260802,fba9872e407f,dense,1,1,8224.0,not_requested,2026-09-06T21:08:51Z,0.021171;0.022076;0.021702;0.023238;0.023561;0.021083;0.022993;0.021958;0.021162;0.021672;0.020957;0.021350;0.026952;0.021642;0.022353,cxx,cpp
dense_spd_1024,1024,block_jacobi,openmp,20,1,1,none,deterministic,static,fixed,50,0,iteration_cap,1.169383e-15,,16,1000000,0.003899,0.002877,0.004656,15,1.313232e+07,100.4852,8216.0,20260802,fba9872e407f,dense,1,2,8224.0,not_requested,2026-09-06T21:08:51Z,0.003864;0.003894;0.003658;0.003899;0.003239;0.003925;0.004209;0.004232;0.002877;0.004558;0.003177;0.003569;0.004265;0.004656;0.004619,cxx,cpp
dense_spd_1024,1024,block_gauss_seidel,openmp,20,1,1,none,deterministic,static,fixed,50,0,iteration_cap,1.169230e-15,,16,1000000,0.021011,0.020057,0.025064,15,2.436791e+06,18.6457,8216.0,20260802,fba9872e407f,dense,1,1,8224.0,not_requested,2026-09-06T21:08:52Z,0.025064;0.021177;0.021011;0.021503;0.020793;0.020819;0.023004;0.020057;0.020255;0.022310;0.020260;0.023506;0.024095;0.020581;0.020710,cxx,cpp
dense_spd_1024,1024,cg,openmp,20,1,1,none,deterministic,static,fixed,50,0,iteration_cap,4.341454e-70,,16,1000000,0.002921,0.002666,0.003203,15,1.752701e+07,134.1122,8216.0,20260802,fba9872e407f,dense,1,6,8224.0,not_requested,2026-09-06T21:08:52Z,0.002759;0.003203;0.002921;0.002993;0.002863;0.003054;0.002813;0.002698;0.003033;0.003092;0.002901;0.002666;0.002734;0.002926;0.003144,cxx,cpp
dense_spd_1024,1024,jacobi,pthreads,20,1,1,none,deterministic,static,fixed,50,0,iteration_cap,1.067640e-15,,16,1000000,0.017897,0.016857,0.020259,15,2.860782e+06,21.8900,8216.0,20260802,fba9872e407f,dense,1,1,8224.0,not_requested,2026-09-06T21:08:52Z,0.016857;0.017119;0.017461;0.019455;0.020259;0.019865;0.018469;0.017956;0.017018;0.018087;0.017125;0.017029;0.017092;0.017908;0.017897,cxx,cpp
dense_spd_1024,1024,gauss_seidel_f,pthreads,20,1,1,none,deterministic,static,fixed,50,0,iteration_cap,1.061113e-15,,16,1000000,0.021117,0.020648,0.024296,15,2.424557e+06,18.5521,8216.0,20260802,fba9872e407f,dense,1,1,8224.0,not_requested,2026-09-06T21:08:53Z,0.021117;0.020915;0.021012;0.021032;0.020862;0.022190;0.021594;0.021225;0.020648;0.022042;0.020893;0.024296;0.021219;0.020908;0.021258,cxx,cpp
dense_spd_1024,1024,block_jacobi,pthreads,20,1,1,none,deterministic,static,fixed,50,0,iteration_cap,1.169383e-15,,16,1000000,0.019200,0.018039,0.020495,15,2.666652e+06,20.4045,8216.0,20260802,fba9872e407f,dense,1,2,8224.0,not_requested,2026-09-06T21:08:53Z,0.019200;0.019701;0.020146;0.020495;0.018865;0.018958;0.018188;0.018096;0.019591;0.019995;0.019494;0.018039;0.018274;0.018557;0.019859,cxx,cpp
dense_spd_1024,1024,block_gauss_seidel,pthreads,20,1,1,none,deterministic,static,fixed,50,0,iteration_cap,1.169230e-15,,16,1000000,0.020644,0.020025,0.021309,15,2.480195e+06,18.9778,8216.0,20260802,fba9872e407f,dense,1,1,8224.0,not_requested,2026-09-06T21:08:54Z,0.020596;0.021309;0.021281;0.020153;0.020922;0.020748;0.020509;0.020715;0.020704;0.020581;0.021060;0.020644;0.020417;0.020025;0.020066,cxx,cpp
dense_spd_1024,1024,cg,pthreads,20,1,1,none,deterministic,static,fixed,50,0,iteration_cap,4.341454e-70,,16,1000000,0.082604,0.076310,0.094541,15,6.198223e+05,4.7427,8216.0,20260802,fba9872e407f,dense,1,6,8224.0,not_requested,2026-09-06T21:08:55Z,0.081456;0.076310;0.077344;0.076881;0.082672;0.083205;0.083837;0.093920;0.094541;0.088341;0.086811;0.082604;0.079501;0.081272;0.079975,cxx,cpp
dense_spd_1024,1024,jacobi,jthread,20,1,1,none,deterministic,static,fixed,50,0,iteration_cap,1.067640e-15,,16,1000000,0.017207,0.015434,0.022070,15,2.975557e+06,22.7682,8216.0,20260802,fba9872e407f,dense,1,1,8224.0,not_requested,2026-09-06T21:08:56Z,0.016780;0.015710;0.016648;0.015434;0.015494;0.017207;0.017516;0.017187;0.019558;0.020665;0.019347;0.018181;0.017750;0.022070;0.016423,cxx,cpp
dense_spd_1024,1024,gauss_seidel_f,jthread,20,1,1,none,deterministic,static,fixed,50,0,iteration_cap,1.061113e-15,,16,1000000,0.021063,0.020497,0.024224,15,2.430758e+06,18.5995,8216.0,20260802,fba9872e407f,dense,1,1,8224.0,not_requested,2026-09-06T21:08:56Z,0.021577;0.021980;0.024104;0.024224;0.021117;0.022267;0.020497;0.020951;0.020838;0.020856;0.021063;0.020832;0.020759;0.021279;0.020694,cxx,cpp
dense_spd_1024,1024,block_jacobi,jthread,20,1,1,none,deterministic,static,fixed,50,0,iteration_cap,1.169383e-15,,16,1000000,0.016264,0.015929,0.017340,15,3.147966e+06,24.0874,8216.0,20260802,fba9872e407f,dense,1,2,8224.0,not_requested,2026-09-06T21:08:57Z,0.017287;0.016048;0.016391;0.016768;0.016264;0.016070;0.015929;0.016312;0.016106;0.017340;0.016148;0.016630;0.016136;0.015952;0.016268,cxx,cpp
dense_spd_1024,1024,block_gauss_seidel,jthread,20,1,1,none,deterministic,static,fixed,50,0,iteration_cap,1.169230e-15,,16,1000000,0.021407,0.020706,0.022845,15,2.391716e+06,18.3008,8216.0,20260802,fba9872e407f,dense,1,1,8224.0,not_requested,2026-09-06T21:08:57Z,0.020706;0.020825;0.022845;0.021407;0.022255;0.021020;0.021787;0.021708;0.021224;0.022052;0.020881;0.021686;0.022508;0.021343;0.021358,cxx,cpp
dense_spd_1024,1024,cg,jthread,20,1,1,none,deterministic,static,fixed,50,0,iteration_cap,4.341454e-70,,16,1000000,0.081789,0.078832,0.083017,15,6.259985e+05,4.7900,8216.0,20260802,fba9872e407f,dense,1,6,8224.0,not_requested,2026-09-06T21:08:59Z,0.080782;0.082056;0.083017;0.081957;0.081789;0.081462;0.082247;0.079181;0.078893;0.082146;0.080400;0.082542;0.079771;0.081826;0.078832,cxx,cpp
dense_spd_1024,1024,jacobi,mpi,20,20,1,none,deterministic,static,fixed,50,0,iteration_cap,1.067640e-15,,16,1000000,0.003083,0.002972,0.003551,15,1.660842e+07,127.0834,8216.0,20260802,fba9872e407f,dense,1,1,8224.0,not_requested,2026-09-06T21:08:59Z,0.003407;0.003301;0.003281;0.003430;0.003199;0.003083;0.003014;0.003026;0.003466;0.002972;0.003042;0.002982;0.002991;0.003551;0.002985,cxx,cpp
dense_spd_1024,1024,gauss_seidel_f,mpi,20,20,1,none,deterministic,static,fixed,50,0,iteration_cap,1.061113e-15,,16,1000000,0.035193,0.032983,0.038817,15,1.454842e+06,11.1321,8216.0,20260802,fba9872e407f,dense,1,1,8224.0,not_requested,2026-09-06T21:09:00Z,0.035607;0.036475;0.036756;0.036848;0.034456;0.034284;0.032983;0.037331;0.035193;0.033320;0.038817;0.035271;0.033881;0.033880;0.033462,cxx,cpp
dense_spd_1024,1024,block_jacobi,mpi,20,20,1,none,deterministic,static,fixed,50,0,iteration_cap,1.169383e-15,,16,1000000,0.004317,0.004008,0.005000,15,1.186043e+07,90.7530,8216.0,20260802,fba9872e407f,dense,1,2,8224.0,not_requested,2026-09-06T21:09:01Z,0.004783;0.005000;0.004146;0.004103;0.004253;0.004670;0.004109;0.004323;0.004353;0.004317;0.004008;0.004301;0.004400;0.004151;0.004332,cxx,cpp
dense_spd_1024,1024,block_gauss_seidel,mpi,20,20,1,none,deterministic,static,fixed,50,0,iteration_cap,1.169230e-15,,16,1000000,0.032521,0.030573,0.035974,15,1.574376e+06,12.0467,8216.0,20260802,fba9872e407f,dense,1,1,8224.0,not_requested,2026-09-06T21:09:02Z,0.031606;0.032983;0.033828;0.033835;0.031879;0.033852;0.032392;0.030593;0.030781;0.032521;0.033094;0.030573;0.035974;0.032544;0.032314,cxx,cpp
dense_spd_1024,1024,cg,mpi,20,20,1,none,deterministic,static,fixed,50,0,iteration_cap,4.341454e-70,,16,1000000,0.003222,0.002885,0.003953,15,1.589219e+07,121.6030,8216.0,20260802,fba9872e407f,dense,1,6,8224.0,not_requested,2026-09-06T21:09:02Z,0.003240;0.003073;0.003590;0.003345;0.003160;0.002885;0.003249;0.003222;0.003088;0.003485;0.003017;0.003953;0.003095;0.003279;0.003090,cxx,cpp
dense_spd_2048,2048,jacobi,serial,1,1,1,none,deterministic,static,fixed,50,0,iteration_cap,1.390753e-15,,16,1000000,0.120971,0.114334,0.129199,15,8.464849e+05,12.9353,16408.0,20260802,fba9872e407f,dense,1,1,16416.0,not_requested,2026-09-06T21:09:04Z,0.119306;0.121010;0.126379;0.129199;0.120084;0.120820;0.123730;0.120971;0.119254;0.119926;0.117710;0.126572;0.121058;0.114334;0.126714,cxx,cpp
dense_spd_2048,2048,gauss_seidel_f,serial,1,1,1,none,deterministic,static,fixed,50,0,iteration_cap,1.393661e-15,,16,1000000,0.123109,0.113163,0.148730,15,8.317827e+05,12.7106,16408.0,20260802,fba9872e407f,dense,1,1,16416.0,not_requested,2026-09-06T21:09:06Z,0.120227;0.119027;0.123517;0.119226;0.119868;0.116889;0.125121;0.142295;0.148730;0.147711;0.148508;0.123109;0.117405;0.126793;0.113163,cxx,cpp
dense_spd_2048,2048,block_jacobi,serial,1,1,1,none,deterministic,static,fixed,50,0,iteration_cap,1.507318e-15,,16,1000000,0.125158,0.117160,0.138022,15,8.181674e+05,12.5025,16408.0,20260802,fba9872e407f,dense,1,2,16416.0,not_requested,2026-09-06T21:09:09Z,0.123037;0.122927;0.125158;0.117981;0.121458;0.120685;0.117160;0.135421;0.129490;0.127913;0.133337;0.126404;0.138022;0.135525;0.122031,cxx,cpp
dense_spd_2048,2048,block_gauss_seidel,serial,1,1,1,none,deterministic,static,fixed,50,0,iteration_cap,1.505525e-15,,16,1000000,0.127896,0.118023,0.136194,15,8.006515e+05,12.2349,16408.0,20260802,fba9872e407f,dense,1,1,16416.0,not_requested,2026-09-06T21:09:11Z,0.120975;0.125337;0.127896;0.127935;0.122110;0.130699;0.128077;0.134868;0.128824;0.124503;0.133262;0.122719;0.118023;0.127570;0.136194,cxx,cpp
dense_spd_2048,2048,cg,serial,1,1,1,none,deterministic,static,fixed,50,0,iteration_cap,2.313952e-77,,16,1000000,0.114395,0.107955,0.126340,15,8.951450e+05,13.6788,16408.0,20260802,fba9872e407f,dense,1,6,16416.0,not_requested,2026-09-06T21:09:13Z,0.117998;0.113287;0.116704;0.114840;0.125475;0.111455;0.109601;0.122948;0.115306;0.126340;0.113650;0.114395;0.107955;0.110278;0.110243,cxx,cpp
dense_spd_2048,2048,jacobi,openmp,20,1,1,none,deterministic,static,fixed,50,0,iteration_cap,1.390753e-15,,16,1000000,0.009644,0.009187,0.010262,15,1.061847e+07,162.2623,16408.0,20260802,fba9872e407f,dense,1,1,16416.0,not_requested,2026-09-06T21:09:13Z,0.009767;0.009644;0.010262;0.009309;0.009701;0.009516;0.010154;0.009700;0.009308;0.009621;0.009895;0.009187;0.009862;0.009409;0.009213,cxx,cpp
dense_spd_2048,2048,gauss_seidel_f,openmp,20,1,1,none,deterministic,static,fixed,50,0,iteration_cap,1.393661e-15,,16,1000000,0.125159,0.117390,0.139605,15,8.181609e+05,12.5024,16408.0,20260802,fba9872e407f,dense,1,1,16416.0,not_requested,2026-09-06T21:09:16Z,0.139605;0.139129;0.121180;0.129646;0.138731;0.126364;0.126598;0.117390;0.126046;0.119745;0.123031;0.121641;0.121837;0.120265;0.125159,cxx,cpp
dense_spd_2048,2048,block_jacobi,openmp,20,1,1,none,deterministic,static,fixed,50,0,iteration_cap,1.507318e-15,,16,1000000,0.011660,0.010906,0.012783,15,8.782041e+06,134.1996,16408.0,20260802,fba9872e407f,dense,1,2,16416.0,not_requested,2026-09-06T21:09:16Z,0.011660;0.011127;0.010906;0.011769;0.012140;0.011618;0.011058;0.011299;0.012493;0.012324;0.012309;0.012783;0.011153;0.012445;0.011037,cxx,cpp
dense_spd_2048,2048,block_gauss_seidel,openmp,20,1,1,none,deterministic,static,fixed,50,0,iteration_cap,1.505525e-15,,16,1000000,0.130867,0.119186,0.136762,15,7.824733e+05,11.9571,16408.0,20260802,fba9872e407f,dense,1,1,16416.0,not_requested,2026-09-06T21:09:18Z,0.133179;0.131070;0.135859;0.131675;0.128512;0.126302;0.126283;0.119186;0.131224;0.125119;0.127448;0.130867;0.132774;0.136762;0.128449,cxx,cpp
dense_spd_2048,2048,cg,openmp,20,1,1,none,deterministic,static,fixed,50,0,iteration_cap,2.313952e-77,,16,1000000,0.010458,0.009449,0.012049,15,9.791156e+06,149.6200,16408.0,20260802,fba9872e407f,dense,1,6,16416.0,not_requested,2026-09-06T21:09:19Z,0.009988;0.011153;0.011086;0.011308;0.010458;0.010574;0.010253;0.010312;0.012049;0.010110;0.010082;0.011147;0.009585;0.009449;0.010775,cxx,cpp
dense_spd_2048,2048,jacobi,pthreads,20,1,1,none,deterministic,static,fixed,50,0,iteration_cap,1.390753e-15,,16,1000000,0.028668,0.027808,0.030543,15,3.571963e+06,54.5837,16408.0,20260802,fba9872e407f,dense,1,1,16416.0,not_requested,2026-09-06T21:09:19Z,0.029944;0.028614;0.028038;0.030543;0.029031;0.029754;0.030324;0.029964;0.028251;0.028147;0.028748;0.028071;0.028668;0.027898;0.027808,cxx,cpp
dense_spd_2048,2048,gauss_seidel_f,pthreads,20,1,1,none,deterministic,static,fixed,50,0,iteration_cap,1.393661e-15,,16,1000000,0.118755,0.110142,0.129701,15,8.622769e+05,13.1766,16408.0,20260802,fba9872e407f,dense,1,1,16416.0,not_requested,2026-09-06T21:09:22Z,0.114326;0.110142;0.113172;0.129213;0.127275;0.127907;0.119735;0.117268;0.118755;0.113621;0.129701;0.128141;0.117170;0.122440;0.115072,cxx,cpp
dense_spd_2048,2048,block_jacobi,pthreads,20,1,1,none,deterministic,static,fixed,50,0,iteration_cap,1.507318e-15,,16,1000000,0.031365,0.030359,0.034162,15,3.264772e+06,49.8894,16408.0,20260802,fba9872e407f,dense,1,2,16416.0,not_requested,2026-09-06T21:09:22Z,0.034162;0.031350;0.031057;0.031633;0.031154;0.031152;0.030359;0.030591;0.031813;0.031727;0.031365;0.032586;0.032379;0.031159;0.031606,cxx,cpp
dense_spd_2048,2048,block_gauss_seidel,pthreads,20,1,1,none,deterministic,static,fixed,50,0,iteration_cap,1.505525e-15,,16,1000000,0.121166,0.114202,0.130144,15,8.451189e+05,12.9144,16408.0,20260802,fba9872e407f,dense,1,1,16416.0,not_requested,2026-09-06T21:09:25Z,0.114202;0.130144;0.120220;0.122955;0.119205;0.122341;0.121220;0.118055;0.121852;0.125628;0.120680;0.128164;0.121138;0.121166;0.118423,cxx,cpp
dense_spd_2048,2048,cg,pthreads,20,1,1,none,deterministic,static,fixed,50,0,iteration_cap,2.313952e-77,,16,1000000,0.094469,0.093165,0.098468,15,1.083951e+06,16.5640,16408.0,20260802,fba9872e407f,dense,1,6,16416.0,not_requested,2026-09-06T21:09:26Z,0.098468;0.098053;0.093475;0.096011;0.094399;0.093451;0.094532;0.094749;0.093793;0.094469;0.094184;0.097415;0.093165;0.093868;0.096901,cxx,cpp
dense_spd_2048,2048,jacobi,jthread,20,1,1,none,deterministic,static,fixed,50,0,iteration_cap,1.390753e-15,,16,1000000,0.028648,0.027257,0.034060,15,3.574419e+06,54.6212,16408.0,20260802,fba9872e407f,dense,1,1,16416.0,not_requested,2026-09-06T21:09:27Z,0.034060;0.031014;0.027257;0.028719;0.028412;0.028648;0.027756;0.027353;0.032597;0.028613;0.028606;0.029088;0.027709;0.028745;0.029458,cxx,cpp
dense_spd_2048,2048,gauss_seidel_f,jthread,20,1,1,none,deterministic,static,fixed,50,0,iteration_cap,1.393661e-15,,16,1000000,0.114614,0.112117,0.127971,15,8.934337e+05,13.6527,16408.0,20260802,fba9872e407f,dense,1,1,16416.0,not_requested,2026-09-06T21:09:29Z,0.112432;0.116899;0.112117;0.114614;0.117903;0.114738;0.117213;0.121173;0.118010;0.113355;0.114132;0.112418;0.114249;0.112520;0.127971,cxx,cpp
dense_spd_2048,2048,block_jacobi,jthread,20,1,1,none,deterministic,static,fixed,50,0,iteration_cap,1.507318e-15,,16,1000000,0.030053,0.028127,0.034024,15,3.407337e+06,52.0680,16408.0,20260802,fba9872e407f,dense,1,2,16416.0,not_requested,2026-09-06T21:09:30Z,0.034024;0.031014;0.028127;0.030773;0.031644;0.029012;0.030023;0.029472;0.028746;0.029993;0.031472;0.030053;0.029370;0.030212;0.030864,cxx,cpp
dense_spd_2048,2048,block_gauss_seidel,jthread,20,1,1,none,deterministic,static,fixed,50,0,iteration_cap,1.505525e-15,,16,1000000,0.123747,0.116405,0.141223,15,8.274957e+05,12.6451,16408.0,20260802,fba9872e407f,dense,1,1,16416.0,not_requested,2026-09-06T21:09:32Z,0.123747;0.117467;0.116405;0.120905;0.132980;0.131801;0.130881;0.141223;0.124871;0.122668;0.125034;0.133944;0.119747;0.116708;0.117371,cxx,cpp
dense_spd_2048,2048,cg,jthread,20,1,1,none,deterministic,static,fixed,50,0,iteration_cap,2.313952e-77,,16,1000000,0.098289,0.095437,0.105044,15,1.041830e+06,15.9204,16408.0,20260802,fba9872e407f,dense,1,6,16416.0,not_requested,2026-09-06T21:09:34Z,0.101986;0.098289;0.095437;0.097173;0.098517;0.096763;0.097314;0.097231;0.098494;0.105044;0.102488;0.098497;0.098022;0.101232;0.098198,cxx,cpp
dense_spd_2048,2048,jacobi,mpi,20,20,1,none,deterministic,static,fixed,50,0,iteration_cap,1.390753e-15,,16,1000000,0.011350,0.010701,0.011971,15,9.021814e+06,137.8636,16408.0,20260802,fba9872e407f,dense,1,1,16416.0,not_requested,2026-09-06T21:09:34Z,0.011465;0.011679;0.011538;0.011176;0.011907;0.010813;0.011759;0.011296;0.010975;0.011965;0.011350;0.011971;0.010837;0.010701;0.010913,cxx,cpp
dense_spd_2048,2048,gauss_seidel_f,mpi,20,20,1,none,deterministic,static,fixed,50,0,iteration_cap,1.393661e-15,,16,1000000,0.139784,0.136693,0.156807,15,7.325590e+05,11.1943,16408.0,20260802,fba9872e407f,dense,1,1,16416.0,not_requested,2026-09-06T21:09:37Z,0.139784;0.136741;0.156807;0.145840;0.136693;0.137475;0.139592;0.138341;0.140144;0.142134;0.142941;0.140071;0.141534;0.136850;0.138954,cxx,cpp
dense_spd_2048,2048,block_jacobi,mpi,20,20,1,none,deterministic,static,fixed,50,0,iteration_cap,1.507318e-15,,16,1000000,0.015188,0.014739,0.017914,15,6.742084e+06,103.0267,16408.0,20260802,fba9872e407f,dense,1,2,16416.0,not_requested,2026-09-06T21:09:38Z,0.015221;0.015650;0.014739;0.015025;0.017914;0.015170;0.015455;0.015185;0.015194;0.015036;0.014946;0.016209;0.015033;0.015430;0.015188,cxx,cpp
dense_spd_2048,2048,block_gauss_seidel,mpi,20,20,1,none,deterministic,static,fixed,50,0,iteration_cap,1.505525e-15,,16,1000000,0.139129,0.130283,0.147341,15,7.360099e+05,11.2471,16408.0,20260802,fba9872e407f,dense,1,1,16416.0,not_requested,2026-09-06T21:09:40Z,0.139356;0.132535;0.130283;0.139129;0.140437;0.132013;0.139639;0.139215;0.140600;0.147341;0.144916;0.133243;0.137152;0.135773;0.132530,cxx,cpp
dense_spd_2048,2048,cg,mpi,20,20,1,none,deterministic,static,fixed,50,0,iteration_cap,2.313952e-77,,16,1000000,0.010842,0.009984,0.012431,15,9.445135e+06,144.3324,16408.0,20260802,fba9872e407f,dense,1,6,16416.0,not_requested,2026-09-06T21:09:41Z,0.010842;0.011801;0.011122;0.012431;0.011246;0.011559;0.010650;0.010351;0.011863;0.010640;0.010655;0.010515;0.010813;0.010867;0.009984,cxx,cpp
dense_dd_512,512,jacobi,serial,1,1,1,none,deterministic,static,fixed,50,0,iteration_cap,7.500536e-16,,16,1000000,0.005274,0.005223,0.006567,15,4.854070e+06,18.6253,4120.0,20260802,fba9872e407f,dense,1,1,4128.0,not_requested,2026-09-06T21:09:41Z,0.005274;0.005250;0.005251;0.005234;0.005348;0.005377;0.005259;0.005288;0.005223;0.005236;0.005539;0.005285;0.005297;0.006567;0.005260,cxx,cpp
dense_dd_512,512,gauss_seidel_f,serial,1,1,1,none,deterministic,static,fixed,50,0,iteration_cap,7.500671e-16,,16,1000000,0.004972,0.004787,0.005461,15,5.148497e+06,19.7550,4120.0,20260802,fba9872e407f,dense,1,1,4128.0,not_requested,2026-09-06T21:09:42Z,0.004819;0.005219;0.004945;0.004787;0.004818;0.004860;0.004974;0.004981;0.005236;0.005461;0.004896;0.004972;0.004833;0.005154;0.005279,cxx,cpp
dense_dd_512,512,block_jacobi,serial,1,1,1,none,deterministic,static,fixed,50,0,iteration_cap,7.912486e-16,,16,1000000,0.004685,0.004517,0.004969,15,5.464179e+06,20.9663,4120.0,20260802,fba9872e407f,dense,1,2,4128.0,not_requested,2026-09-06T21:09:42Z,0.004582;0.004743;0.004708;0.004719;0.004542;0.004564;0.004969;0.004718;0.004568;0.004771;0.004601;0.004517;0.004685;0.004743;0.004639,cxx,cpp
dense_dd_512,512,block_gauss_seidel,serial,1,1,1,none,deterministic,static,fixed,50,0,iteration_cap,7.912486e-16,,16,1000000,0.004694,0.004509,0.005269,15,5.453860e+06,20.9267,4120.0,20260802,fba9872e407f,dense,1,1,4128.0,not_requested,2026-09-06T21:09:42Z,0.005071;0.004785;0.004576;0.004612;0.005269;0.005127;0.004740;0.004645;0.004594;0.004750;0.004694;0.004554;0.004579;0.004747;0.004509,cxx,cpp
dense_dd_512,512,jacobi,openmp,20,1,1,none,deterministic,static,fixed,50,0,iteration_cap,7.500536e-16,,16,1000000,0.000887,0.000681,0.001148,15,2.887090e+07,110.7791,4120.0,20260802,fba9872e407f,dense,1,1,4128.0,not_requested,2026-09-06T21:09:42Z,0.001006;0.000987;0.000683;0.000895;0.000824;0.000689;0.001098;0.000945;0.000898;0.001148;0.000704;0.000862;0.000805;0.000887;0.000681,cxx,cpp
dense_dd_512,512,gauss_seidel_f,openmp,20,1,1,none,deterministic,static,fixed,50,0,iteration_cap,7.500671e-16,,16,1000000,0.005908,0.005129,0.008247,15,4.333356e+06,16.6273,4120.0,20260802,fba9872e407f,dense,1,1,4128.0,not_requested,2026-09-06T21:09:43Z,0.005568;0.005500;0.006907;0.005908;0.006534;0.008247;0.005129;0.005222;0.005635;0.006439;0.006239;0.005776;0.007012;0.005855;0.006067,cxx,cpp
dense_dd_512,512,block_jacobi,openmp,20,1,1,none,deterministic,static,fixed,50,0,iteration_cap,7.912486e-16,,16,1000000,0.000840,0.000762,0.001179,15,3.049205e+07,116.9995,4120.0,20260802,fba9872e407f,dense,1,2,4128.0,not_requested,2026-09-06T21:09:43Z,0.001007;0.000782;0.000793;0.000778;0.000820;0.001179;0.000844;0.000762;0.000840;0.000793;0.001075;0.000964;0.000976;0.000817;0.001135,cxx,cpp
dense_dd_512,512,block_gauss_seidel,openmp,20,1,1,none,deterministic,static,fixed,50,0,iteration_cap,7.912486e-16,,16,1000000,0.005140,0.004777,0.006044,15,4.980609e+06,19.1108,4120.0,20260802,fba9872e407f,dense,1,1,4128.0,not_requested,2026-09-06T21:09:43Z,0.004941;0.005334;0.005481;0.005170;0.006044;0.004902;0.004777;0.005145;0.005130;0.005140;0.005487;0.005026;0.004866;0.005089;0.005176,cxx,cpp
dense_dd_512,512,jacobi,pthreads,20,1,1,none,deterministic,static,fixed,50,0,iteration_cap,7.500536e-16,,16,1000000,0.014223,0.013742,0.014813,15,1.799909e+06,6.9063,4120.0,20260802,fba9872e407f,dense,1,1,4128.0,not_requested,2026-09-06T21:09:44Z,0.014813;0.014250;0.014410;0.014329;0.013961;0.014289;0.013742;0.013913;0.014224;0.013928;0.014481;0.013828;0.014223;0.014222;0.014176,cxx,cpp
dense_dd_512,512,gauss_seidel_f,pthreads,20,1,1,none,deterministic,static,fixed,50,0,iteration_cap,7.500671e-16,,16,1000000,0.006131,0.005935,0.006436,15,4.175569e+06,16.0219,4120.0,20260802,fba9872e407f,dense,1,1,4128.0,not_requested,2026-09-06T21:09:44Z,0.006132;0.006161;0.005978;0.006431;0.006060;0.005935;0.006061;0.006436;0.006277;0.006355;0.006284;0.006000;0.006041;0.006131;0.005980,cxx,cpp
dense_dd_512,512,block_jacobi,pthreads,20,1,1,none,deterministic,static,fixed,50,0,iteration_cap,7.912486e-16,,16,1000000,0.013741,0.013328,0.014168,15,1.863087e+06,7.1488,4120.0,20260802,fba9872e407f,dense,1,2,4128.0,not_requested,2026-09-06T21:09:45Z,0.014120;0.013620;0.013328;0.013453;0.013377;0.013950;0.013796;0.013895;0.014168;0.013719;0.013984;0.013712;0.013856;0.013680;0.013741,cxx,cpp
dense_dd_512,512,block_gauss_seidel,pthreads,20,1,1,none,deterministic,static,fixed,50,0,iteration_cap,7.912486e-16,,16,1000000,0.005627,0.005499,0.006084,15,4.549467e+06,17.4565,4120.0,20260802,fba9872e407f,dense,1,1,4128.0,not_requested,2026-09-06T21:09:45Z,0.006084;0.006066;0.005628;0.006046;0.005588;0.005656;0.005576;0.005547;0.005554;0.005599;0.005707;0.005499;0.005582;0.005627;0.005969,cxx,cpp
dense_dd_512,512,jacobi,jthread,20,1,1,none,deterministic,static,fixed,50,0,iteration_cap,7.500536e-16,,16,1000000,0.016162,0.015013,0.017282,15,1.584007e+06,6.0779,4120.0,20260802,fba9872e407f,dense,1,1,4128.0,not_requested,2026-09-06T21:09:45Z,0.015013;0.015299;0.015915;0.015811;0.016308;0.017055;0.016162;0.016244;0.017282;0.016696;0.016735;0.015665;0.016515;0.015770;0.015032,cxx,cpp
dense_dd_512,512,gauss_seidel_f,jthread,20,1,1,none,deterministic,static,fixed,50,0,iteration_cap,7.500671e-16,,16,1000000,0.006170,0.005887,0.006568,15,4.148780e+06,15.9191,4120.0,20260802,fba9872e407f,dense,1,1,4128.0,not_requested,2026-09-06T21:09:46Z,0.006483;0.006396;0.006170;0.006016;0.006208;0.005996;0.005887;0.006568;0.006053;0.006164;0.006412;0.005971;0.006213;0.006215;0.005972,cxx,cpp
dense_dd_512,512,block_jacobi,jthread,20,1,1,none,deterministic,static,fixed,50,0,iteration_cap,7.912486e-16,,16,1000000,0.015482,0.014673,0.017272,15,1.653487e+06,6.3445,4120.0,20260802,fba9872e407f,dense,1,2,4128.0,not_requested,2026-09-06T21:09:46Z,0.015392;0.015456;0.015584;0.015733;0.015617;0.015182;0.014896;0.014673;0.014848;0.015380;0.017272;0.015482;0.015539;0.016132;0.016579,cxx,cpp
dense_dd_512,512,block_gauss_seidel,jthread,20,1,1,none,deterministic,static,fixed,50,0,iteration_cap,7.912486e-16,,16,1000000,0.005756,0.005530,0.006050,15,4.447735e+06,17.0662,4120.0,20260802,fba9872e407f,dense,1,1,4128.0,not_requested,2026-09-06T21:09:46Z,0.005958;0.005777;0.005689;0.006050;0.005750;0.005755;0.005901;0.005650;0.006019;0.005961;0.005530;0.005775;0.005756;0.005748;0.005682,cxx,cpp
dense_dd_512,512,jacobi,mpi,20,20,1,none,deterministic,static,fixed,50,0,iteration_cap,7.500536e-16,,16,1000000,0.001268,0.001117,0.001875,15,2.019432e+07,77.4866,4120.0,20260802,fba9872e407f,dense,1,1,4128.0,not_requested,2026-09-06T21:09:47Z,0.001875;0.001268;0.001219;0.001447;0.001216;0.001185;0.001348;0.001196;0.001226;0.001444;0.001279;0.001117;0.001505;0.001169;0.001365,cxx,cpp
dense_dd_512,512,gauss_seidel_f,mpi,20,20,1,none,deterministic,static,fixed,50,0,iteration_cap,7.500671e-16,,16,1000000,0.009816,0.009549,0.012744,15,2.608008e+06,10.0071,4120.0,20260802,fba9872e407f,dense,1,1,4128.0,not_requested,2026-09-06T21:09:47Z,0.010337;0.012744;0.011010;0.009816;0.010102;0.009698;0.010149;0.010175;0.009802;0.009626;0.009816;0.009565;0.009549;0.009743;0.009622,cxx,cpp
dense_dd_512,512,block_jacobi,mpi,20,20,1,none,deterministic,static,fixed,50,0,iteration_cap,7.912486e-16,,16,1000000,0.001850,0.001631,0.002193,15,1.383719e+07,53.0940,4120.0,20260802,fba9872e407f,dense,1,2,4128.0,not_requested,2026-09-06T21:09:48Z,0.001850;0.001979;0.001827;0.001799;0.001850;0.002193;0.002070;0.002082;0.001877;0.001686;0.002065;0.001631;0.001767;0.001636;0.001703,cxx,cpp
dense_dd_512,512,block_gauss_seidel,mpi,20,20,1,none,deterministic,static,fixed,50,0,iteration_cap,7.912486e-16,,16,1000000,0.012815,0.010812,0.030515,15,1.997638e+06,7.6650,4120.0,20260802,fba9872e407f,dense,1,1,4128.0,not_requested,2026-09-06T21:09:48Z,0.013700;0.030515;0.027236;0.013809;0.011850;0.013159;0.012356;0.013581;0.011763;0.012856;0.012815;0.011303;0.011224;0.011352;0.010812,cxx,cpp
dense_dd_1024,1024,jacobi,serial,1,1,1,none,deterministic,static,fixed,50,0,iteration_cap,1.071861e-15,,16,1000000,0.022067,0.020575,0.024406,15,2.320189e+06,17.7535,8216.0,20260802,fba9872e407f,dense,1,1,8224.0,not_requested,2026-09-06T21:09:49Z,0.021450;0.022651;0.024406;0.024033;0.022067;0.022428;0.022345;0.022586;0.023689;0.021548;0.020684;0.020922;0.020635;0.020575;0.021118,cxx,cpp
dense_dd_1024,1024,gauss_seidel_f,serial,1,1,1,none,deterministic,static,fixed,50,0,iteration_cap,1.071341e-15,,16,1000000,0.020293,0.019567,0.021634,15,2.523100e+06,19.3061,8216.0,20260802,fba9872e407f,dense,1,1,8224.0,not_requested,2026-09-06T21:09:50Z,0.021321;0.019644;0.020293;0.020927;0.020446;0.021242;0.021634;0.020517;0.019827;0.019567;0.020110;0.019813;0.019907;0.020061;0.020957,cxx,cpp
dense_dd_1024,1024,block_jacobi,serial,1,1,1,none,deterministic,static,fixed,50,0,iteration_cap,1.182028e-15,,16,1000000,0.020816,0.019465,0.026884,15,2.459670e+06,18.8208,8216.0,20260802,fba9872e407f,dense,1,2,8224.0,not_requested,2026-09-06T21:09:50Z,0.019465;0.019535;0.020816;0.021793;0.021580;0.021357;0.019746;0.023204;0.021818;0.019668;0.019922;0.020187;0.020004;0.022865;0.026884,cxx,cpp
dense_dd_1024,1024,block_gauss_seidel,serial,1,1,1,none,deterministic,static,fixed,50,0,iteration_cap,1.182197e-15,,16,1000000,0.021088,0.019683,0.023068,15,2.427968e+06,18.5782,8216.0,20260802,fba9872e407f,dense,1,1,8224.0,not_requested,2026-09-06T21:09:51Z,0.021552;0.019788;0.019683;0.020571;0.021202;0.021027;0.020791;0.021565;0.021768;0.023068;0.021740;0.022194;0.021088;0.020927;0.020665,cxx,cpp
dense_dd_1024,1024,jacobi,openmp,20,1,1,none,deterministic,static,fixed,50,0,iteration_cap,1.071861e-15,,16,1000000,0.003524,0.002496,0.005420,15,1.452978e+07,111.1782,8216.0,20260802,fba9872e407f,dense,1,1,8224.0,not_requested,2026-09-06T21:09:51Z,0.003615;0.005420;0.003436;0.004059;0.003795;0.003524;0.004506;0.003199;0.003705;0.003858;0.003106;0.003323;0.003088;0.002659;0.002496,cxx,cpp
dense_dd_1024,1024,gauss_seidel_f,openmp,20,1,1,none,deterministic,static,fixed,50,0,iteration_cap,1.071341e-15,,16,1000000,0.021010,0.020027,0.024181,15,2.436911e+06,18.6466,8216.0,20260802,fba9872e407f,dense,1,1,8224.0,not_requested,2026-09-06T21:09:52Z,0.022123;0.020833;0.021037;0.020615;0.021749;0.020692;0.021247;0.021010;0.020471;0.020120;0.022679;0.024181;0.021311;0.020409;0.020027,cxx,cpp
dense_dd_1024,1024,block_jacobi,openmp,20,1,1,none,deterministic,static,fixed,50,0,iteration_cap,1.182028e-15,,16,1000000,0.002870,0.002654,0.003457,15,1.784249e+07,136.5262,8216.0,20260802,fba9872e407f,dense,1,2,8224.0,not_requested,2026-09-06T21:09:52Z,0.003043;0.002940;0.002786;0.002666;0.002870;0.003191;0.002853;0.002815;0.002791;0.003457;0.003146;0.003108;0.003069;0.002741;0.002654,cxx,cpp
dense_dd_1024,1024,block_gauss_seidel,openmp,20,1,1,none,deterministic,static,fixed,50,0,iteration_cap,1.182197e-15,,16,1000000,0.021255,0.020218,0.028561,15,2.408895e+06,18.4323,8216.0,20260802,fba9872e407f,dense,1,1,8224.0,not_requested,2026-09-06T21:09:53Z,0.020302;0.020428;0.020432;0.020596;0.028561;0.021255;0.023335;0.021725;0.022266;0.020517;0.020599;0.022656;0.024444;0.022749;0.020218,cxx,cpp
dense_dd_1024,1024,jacobi,pthreads,20,1,1,none,deterministic,static,fixed,50,0,iteration_cap,1.071861e-15,,16,1000000,0.016473,0.016103,0.017054,15,3.108154e+06,23.7828,8216.0,20260802,fba9872e407f,dense,1,1,8224.0,not_requested,2026-09-06T21:09:53Z,0.016910;0.016685;0.016236;0.016103;0.016429;0.016492;0.016908;0.016473;0.017054;0.016247;0.016216;0.016860;0.016867;0.016391;0.016322,cxx,cpp
dense_dd_1024,1024,gauss_seidel_f,pthreads,20,1,1,none,deterministic,static,fixed,50,0,iteration_cap,1.071341e-15,,16,1000000,0.021031,0.020480,0.022136,15,2.434507e+06,18.6282,8216.0,20260802,fba9872e407f,dense,1,1,8224.0,not_requested,2026-09-06T21:09:54Z,0.020904;0.020579;0.020480;0.020725;0.020719;0.021031;0.021470;0.020944;0.021336;0.021268;0.022136;0.020878;0.021075;0.021098;0.021060,cxx,cpp
dense_dd_1024,1024,block_jacobi,pthreads,20,1,1,none,deterministic,static,fixed,50,0,iteration_cap,1.182028e-15,,16,1000000,0.017822,0.016157,0.018706,15,2.872916e+06,21.9828,8216.0,20260802,fba9872e407f,dense,1,2,8224.0,not_requested,2026-09-06T21:09:54Z,0.016342;0.016157;0.016462;0.017455;0.018706;0.017954;0.017822;0.017392;0.017690;0.017884;0.017723;0.018146;0.018241;0.018219;0.017979,cxx,cpp
dense_dd_1024,1024,block_gauss_seidel,pthreads,20,1,1,none,deterministic,static,fixed,50,0,iteration_cap,1.182197e-15,,16,1000000,0.021606,0.020414,0.023372,15,2.369676e+06,18.1322,8216.0,20260802,fba9872e407f,dense,1,1,8224.0,not_requested,2026-09-06T21:09:55Z,0.020912;0.020696;0.020997;0.020575;0.020414;0.020753;0.021606;0.022876;0.022470;0.021920;0.023372;0.022021;0.022418;0.022406;0.021481,cxx,cpp
dense_dd_1024,1024,jacobi,jthread,20,1,1,none,deterministic,static,fixed,50,0,iteration_cap,1.071861e-15,,16,1000000,0.017886,0.016057,0.021100,15,2.862628e+06,21.9041,8216.0,20260802,fba9872e407f,dense,1,1,8224.0,not_requested,2026-09-06T21:09:56Z,0.019832;0.021100;0.019263;0.019768;0.020256;0.017886;0.016499;0.016057;0.016872;0.016574;0.017777;0.017945;0.017732;0.017882;0.019271,cxx,cpp
dense_dd_1024,1024,gauss_seidel_f,jthread,20,1,1,none,deterministic,static,fixed,50,0,iteration_cap,1.071341e-15,,16,1000000,0.021658,0.020655,0.024461,15,2.364024e+06,18.0889,8216.0,20260802,fba9872e407f,dense,1,1,8224.0,not_requested,2026-09-06T21:09:56Z,0.021679;0.022270;0.023386;0.024453;0.024461;0.021658;0.021676;0.020655;0.021064;0.021228;0.021946;0.021054;0.020964;0.021270;0.021610,cxx,cpp
dense_dd_1024,1024,block_jacobi,jthread,20,1,1,none,deterministic,static,fixed,50,0,iteration_cap,1.182028e-15,,16,1000000,0.019354,0.016542,0.024813,15,2.645380e+06,20.2418,8216.0,20260802,fba9872e407f,dense,1,2,8224.0,not_requested,2026-09-06T21:09:57Z,0.016725;0.016815;0.016542;0.017142;0.017068;0.016902;0.017718;0.021877;0.019354;0.024813;0.021744;0.022109;0.022620;0.023540;0.023800,cxx,cpp
dense_dd_1024,1024,block_gauss_seidel,jthread,20,1,1,none,deterministic,static,fixed,50,0,iteration_cap,1.182197e-15,,16,1000000,0.020591,0.020203,0.022789,15,2.486480e+06,19.0259,8216.0,20260802,fba9872e407f,dense,1,1,8224.0,not_requested,2026-09-06T21:09:57Z,0.021648;0.022789;0.022241;0.021160;0.020591;0.020751;0.020455;0.020502;0.020203;0.020229;0.020465;0.020992;0.020525;0.020589;0.020773,cxx,cpp
dense_dd_1024,1024,jacobi,mpi,20,20,1,none,deterministic,static,fixed,50,0,iteration_cap,1.071861e-15,,16,1000000,0.003317,0.003070,0.003565,15,1.543651e+07,118.1163,8216.0,20260802,fba9872e407f,dense,1,1,8224.0,not_requested,2026-09-06T21:09:58Z,0.003565;0.003536;0.003436;0.003307;0.003392;0.003487;0.003122;0.003070;0.003142;0.003373;0.003289;0.003315;0.003134;0.003317;0.003403,cxx,cpp
dense_dd_1024,1024,gauss_seidel_f,mpi,20,20,1,none,deterministic,static,fixed,50,0,iteration_cap,1.071341e-15,,16,1000000,0.033790,0.031833,0.037892,15,1.515231e+06,11.5942,8216.0,20260802,fba9872e407f,dense,1,1,8224.0,not_requested,2026-09-06T21:09:59Z,0.037892;0.036247;0.035284;0.033790;0.032690;0.032989;0.034409;0.032774;0.034846;0.037248;0.032420;0.032185;0.035213;0.031833;0.033025,cxx,cpp
dense_dd_1024,1024,block_jacobi,mpi,20,20,1,none,deterministic,static,fixed,50,0,iteration_cap,1.182028e-15,,16,1000000,0.004442,0.004027,0.005791,15,1.152664e+07,88.1989,8216.0,20260802,fba9872e407f,dense,1,2,8224.0,not_requested,2026-09-06T21:09:59Z,0.004864;0.004723;0.004398;0.004671;0.004132;0.004027;0.004442;0.005791;0.004371;0.004166;0.004221;0.004556;0.004404;0.004610;0.004697,cxx,cpp
dense_dd_1024,1024,block_gauss_seidel,mpi,20,20,1,none,deterministic,static,fixed,50,0,iteration_cap,1.182197e-15,,16,1000000,0.030762,0.027930,0.032459,15,1.664415e+06,12.7357,8216.0,20260802,fba9872e407f,dense,1,1,8224.0,not_requested,2026-09-06T21:10:00Z,0.030518;0.032307;0.030791;0.030361;0.031267;0.030230;0.030535;0.032027;0.029853;0.030762;0.032368;0.032459;0.030994;0.028231;0.027930,cxx,cpp
dense_dd_2048,2048,jacobi,serial,1,1,1,none,deterministic,static,fixed,50,0,iteration_cap,1.398989e-15,,16,1000000,0.123444,0.117401,0.134328,15,8.295243e+05,12.6761,16408.0,20260802,fba9872e407f,dense,1,1,16416.0,not_requested,2026-09-06T21:10:03Z,0.134328;0.120663;0.124123;0.129145;0.129674;0.128640;0.131791;0.120671;0.123444;0.122174;0.121135;0.121780;0.130002;0.121693;0.117401,cxx,cpp
dense_dd_2048,2048,gauss_seidel_f,serial,1,1,1,none,deterministic,static,fixed,50,0,iteration_cap,1.396810e-15,,16,1000000,0.116120,0.113375,0.125447,15,8.818496e+05,13.4757,16408.0,20260802,fba9872e407f,dense,1,1,16416.0,not_requested,2026-09-06T21:10:05Z,0.115131;0.115162;0.115055;0.125447;0.123685;0.123336;0.116735;0.118963;0.114847;0.113419;0.118596;0.119846;0.116120;0.113375;0.114700,cxx,cpp
dense_dd_2048,2048,block_jacobi,serial,1,1,1,none,deterministic,static,fixed,50,0,iteration_cap,1.489913e-15,,16,1000000,0.120047,0.114853,0.124224,15,8.530012e+05,13.0348,16408.0,20260802,fba9872e407f,dense,1,2,16416.0,not_requested,2026-09-06T21:10:07Z,0.118512;0.118199;0.121149;0.118716;0.124224;0.120419;0.122259;0.121565;0.118200;0.117432;0.121775;0.115920;0.120047;0.122783;0.114853,cxx,cpp
dense_dd_2048,2048,block_gauss_seidel,serial,1,1,1,none,deterministic,static,fixed,50,0,iteration_cap,1.489585e-15,,16,1000000,0.120279,0.116180,0.125070,15,8.513552e+05,13.0097,16408.0,20260802,fba9872e407f,dense,1,1,16416.0,not_requested,2026-09-06T21:10:09Z,0.117559;0.121976;0.118386;0.121410;0.117658;0.116180;0.122151;0.119525;0.120306;0.116785;0.122328;0.125070;0.120170;0.120279;0.120695,cxx,cpp
dense_dd_2048,2048,jacobi,openmp,20,1,1,none,deterministic,static,fixed,50,0,iteration_cap,1.398989e-15,,16,1000000,0.009900,0.008855,0.010990,15,1.034356e+07,158.0614,16408.0,20260802,fba9872e407f,dense,1,1,16416.0,not_requested,2026-09-06T21:10:10Z,0.009587;0.009333;0.008855;0.009879;0.009682;0.009288;0.009852;0.009900;0.010990;0.010701;0.010520;0.010001;0.010523;0.009902;0.010710,cxx,cpp
dense_dd_2048,2048,gauss_seidel_f,openmp,20,1,1,none,deterministic,static,fixed,50,0,iteration_cap,1.396810e-15,,16,1000000,0.128071,0.119879,0.149360,15,7.995560e+05,12.2181,16408.0,20260802,fba9872e407f,dense,1,1,16416.0,not_requested,2026-09-06T21:10:12Z,0.128912;0.131284;0.128071;0.124266;0.121901;0.129421;0.126068;0.123936;0.119879;0.139001;0.149360;0.125925;0.122895;0.140546;0.130388,cxx,cpp
dense_dd_2048,2048,block_jacobi,openmp,20,1,1,none,deterministic,static,fixed,50,0,iteration_cap,1.489913e-15,,16,1000000,0.011534,0.010514,0.012229,15,8.878208e+06,135.6691,16408.0,20260802,fba9872e407f,dense,1,2,16416.0,not_requested,2026-09-06T21:10:12Z,0.011326;0.010514;0.012229;0.011865;0.011859;0.011372;0.011605;0.011813;0.011525;0.010853;0.011591;0.011465;0.011558;0.011534;0.010907,cxx,cpp
dense_dd_2048,2048,block_gauss_seidel,openmp,20,1,1,none,deterministic,static,fixed,50,0,iteration_cap,1.489585e-15,,16,1000000,0.130487,0.122617,0.133999,15,7.847519e+05,11.9919,16408.0,20260802,fba9872e407f,dense,1,1,16416.0,not_requested,2026-09-06T21:10:15Z,0.129427;0.132133;0.124146;0.124314;0.133170;0.133999;0.124967;0.133110;0.133322;0.132495;0.130487;0.132175;0.122617;0.123726;0.123072,cxx,cpp
dense_dd_2048,2048,jacobi,pthreads,20,1,1,none,deterministic,static,fixed,50,0,iteration_cap,1.398989e-15,,16,1000000,0.029904,0.027492,0.033861,15,3.424315e+06,52.3274,16408.0,20260802,fba9872e407f,dense,1,1,16416.0,not_requested,2026-09-06T21:10:16Z,0.029763;0.029203;0.032550;0.027492;0.027901;0.029429;0.033861;0.032085;0.033425;0.031936;0.030765;0.029904;0.028044;0.030956;0.029230,cxx,cpp
dense_dd_2048,2048,gauss_seidel_f,pthreads,20,1,1,none,deterministic,static,fixed,50,0,iteration_cap,1.396810e-15,,16,1000000,0.113982,0.108927,0.152885,15,8.983887e+05,13.7284,16408.0,20260802,fba9872e407f,dense,1,1,16416.0,not_requested,2026-09-06T21:10:18Z,0.112524;0.110078;0.113352;0.113292;0.111213;0.111070;0.119835;0.115957;0.114823;0.114771;0.117591;0.108927;0.113982;0.152885;0.119253,cxx,cpp
dense_dd_2048,2048,block_jacobi,pthreads,20,1,1,none,deterministic,static,fixed,50,0,iteration_cap,1.489913e-15,,16,1000000,0.031749,0.030930,0.033761,15,3.225342e+06,49.2869,16408.0,20260802,fba9872e407f,dense,1,2,16416.0,not_requested,2026-09-06T21:10:19Z,0.032708;0.032963;0.032423;0.033276;0.031749;0.031488;0.031305;0.030930;0.031309;0.031591;0.033761;0.031358;0.032123;0.031639;0.032695,cxx,cpp
dense_dd_2048,2048,block_gauss_seidel,pthreads,20,1,1,none,deterministic,static,fixed,50,0,iteration_cap,1.489585e-15,,16,1000000,0.120317,0.116216,0.136800,15,8.510848e+05,13.0055,16408.0,20260802,fba9872e407f,dense,1,1,16416.0,not_requested,2026-09-06T21:10:21Z,0.119325;0.131561;0.121269;0.117487;0.117798;0.120317;0.136800;0.122161;0.119785;0.124607;0.124143;0.116216;0.116750;0.123030;0.117320,cxx,cpp
dense_dd_2048,2048,jacobi,jthread,20,1,1,none,deterministic,static,fixed,50,0,iteration_cap,1.398989e-15,,16,1000000,0.028570,0.027479,0.031253,15,3.584232e+06,54.7711,16408.0,20260802,fba9872e407f,dense,1,1,16416.0,not_requested,2026-09-06T21:10:22Z,0.031253;0.030070;0.030529;0.028974;0.028006;0.027479;0.027743;0.027696;0.029142;0.028566;0.028006;0.029411;0.028688;0.028570;0.028368,cxx,cpp
dense_dd_2048,2048,gauss_seidel_f,jthread,20,1,1,none,deterministic,static,fixed,50,0,iteration_cap,1.396810e-15,,16,1000000,0.130196,0.116220,0.144583,15,7.865062e+05,12.0187,16408.0,20260802,fba9872e407f,dense,1,1,16416.0,not_requested,2026-09-06T21:10:24Z,0.130377;0.144583;0.120608;0.126293;0.140226;0.134514;0.141976;0.129027;0.116220;0.125723;0.141495;0.127556;0.130196;0.138986;0.121538,cxx,cpp
dense_dd_2048,2048,block_jacobi,jthread,20,1,1,none,deterministic,static,fixed,50,0,iteration_cap,1.489913e-15,,16,1000000,0.032546,0.029797,0.034904,15,3.146300e+06,48.0791,16408.0,20260802,fba9872e407f,dense,1,2,16416.0,not_requested,2026-09-06T21:10:25Z,0.032546;0.030438;0.030298;0.030145;0.031168;0.032814;0.034102;0.032683;0.033220;0.033406;0.034099;0.034904;0.031459;0.030066;0.029797,cxx,cpp
dense_dd_2048,2048,block_gauss_seidel,jthread,20,1,1,none,deterministic,static,fixed,50,0,iteration_cap,1.489585e-15,,16,1000000,0.128035,0.123524,0.142120,15,7.997824e+05,12.2216,16408.0,20260802,fba9872e407f,dense,1,1,16416.0,not_requested,2026-09-06T21:10:27Z,0.124238;0.129675;0.123524;0.130510;0.131910;0.126354;0.131316;0.126265;0.128286;0.131609;0.126428;0.127072;0.128035;0.142120;0.126700,cxx,cpp
dense_dd_2048,2048,jacobi,mpi,20,20,1,none,deterministic,static,fixed,50,0,iteration_cap,1.398989e-15,,16,1000000,0.011459,0.010663,0.012146,15,8.936182e+06,136.5550,16408.0,20260802,fba9872e407f,dense,1,1,16416.0,not_requested,2026-09-06T21:10:28Z,0.011604;0.010663;0.011223;0.011574;0.011466;0.011459;0.011609;0.011053;0.012146;0.011016;0.011600;0.011230;0.011693;0.011402;0.011409,cxx,cpp
dense_dd_2048,2048,gauss_seidel_f,mpi,20,20,1,none,deterministic,static,fixed,50,0,iteration_cap,1.396810e-15,,16,1000000,0.144541,0.129625,0.161016,15,7.084496e+05,10.8259,16408.0,20260802,fba9872e407f,dense,1,1,16416.0,not_requested,2026-09-06T21:10:30Z,0.148026;0.142901;0.147676;0.138744;0.148675;0.159830;0.161016;0.140822;0.133040;0.129625;0.132198;0.156269;0.144541;0.146644;0.136515,cxx,cpp
dense_dd_2048,2048,block_jacobi,mpi,20,20,1,none,deterministic,static,fixed,50,0,iteration_cap,1.489913e-15,,16,1000000,0.014422,0.013371,0.016844,15,7.100225e+06,108.4995,16408.0,20260802,fba9872e407f,dense,1,2,16416.0,not_requested,2026-09-06T21:10:31Z,0.014166;0.014451;0.014393;0.014041;0.014422;0.013371;0.014557;0.015953;0.016844;0.013824;0.013934;0.013827;0.014969;0.014738;0.014424,cxx,cpp
dense_dd_2048,2048,block_gauss_seidel,mpi,20,20,1,none,deterministic,static,fixed,50,0,iteration_cap,1.489585e-15,,16,1000000,0.146722,0.137222,0.182120,15,6.979162e+05,10.6650,16408.0,20260802,fba9872e407f,dense,1,1,16416.0,not_requested,2026-09-06T21:10:34Z,0.155803;0.165828;0.154616;0.182120;0.143914;0.140243;0.140003;0.137222;0.146598;0.168277;0.158329;0.152144;0.142702;0.146722;0.139199,cxx,cpp
